id,full_name,email,country,date,card,amount,product
1,Wilfrid Londing,wlonding0@cam.ac.uk,France,2019-02-18,jcb,4.97,Swordfish Loin Portions
2,Bunni Howel,bhowel1@redcross.org,United States,2019-03-15,laser,6.71,"Croissant, Raw - Mini"
3,Winny Fyfield,wfyfield2@disqus.com,France,2019-09-26,switch,5.72,Chocolate - Mi - Amere Semi
4,Gerald Kyndred,gkyndred3@symantec.com,United States,2019-05-09,mastercard,8.96,Squid Ink
5,Adora Loades,aloades4@yellowpages.com,France,2019-06-11,visa-electron,7.95,Beer - Moosehead
6,Kandy Dobbson,kdobbson5@drupal.org,France,2018-10-30,china-unionpay,5.36,Wine - Magnotta - Cab Franc
7,Lorianne Willingham,lwillingham6@youku.com,United States,2019-01-02,jcb,1.36,Bar - Granola Trail Mix Fruit Nut
8,Zebulon Zoellner,zzoellner7@nhs.uk,France,2019-06-12,jcb,7.73,Wine - Chablis 2003 Champs
9,Orazio McRobert,omcrobert8@goodreads.com,United States,2018-10-24,switch,5.32,Cheese - Le Cru Du Clocher
10,Kory Need,kneed9@pen.io,France,2019-07-28,laser,2.29,Cheese - St. Andre
11,Mala Kamenar,mkamenara@cargocollective.com,United States,2019-07-27,maestro,4.07,Wine - Rhine Riesling Wolf Blass
12,Karisa Nice,kniceb@google.ru,France,2019-04-14,diners-club-carte-blanche,7.74,Pail With Metal Handle 16l White
13,Dionis Dast,ddastc@phoca.cz,France,2018-12-04,diners-club-us-ca,2.59,"Wine - Bourgogne 2002, La"
14,Deana MacGilrewy,dmacgilrewyd@alibaba.com,United States,2019-01-21,jcb,3.87,Rappini - Andy Boy
15,Susanna Tipler,stiplere@nature.com,France,2019-01-17,visa,8.82,"Yogurt - Peach, 175 Gr"
16,Marisa Wraight,mwraightf@addthis.com,United States,2019-09-29,jcb,6.36,Canadian Emmenthal
17,Thomasin Del Dello,tdelg@comcast.net,France,2019-09-20,jcb,1.28,Sprouts - Alfalfa
18,Kylie Twinterman,ktwintermanh@chicagotribune.com,France,2019-05-07,visa,8.56,"Soda Water - Club Soda, 355 Ml"
19,Erroll Kinahan,ekinahani@narod.ru,United States,2018-12-31,jcb,4.67,"Flour - Buckwheat, Dark"
20,Viole Milkeham,vmilkehamj@weather.com,France,2019-10-19,jcb,2.57,Onions - Red
21,Kyrstin Eakins,keakinsk@alexa.com,United States,2019-06-18,diners-club-carte-blanche,5.92,Cactus Pads
22,Cornie Esmead,cesmeadl@psu.edu,France,2019-05-29,jcb,2.42,Veal - Slab Bacon
23,Jonell Matcham,jmatchamm@dedecms.com,United States,2018-10-10,diners-club-carte-blanche,5.30,Liqueur - Melon
24,Leon Tatham,ltathamn@techcrunch.com,France,2019-08-08,switch,8.72,Beets - Mini Golden
25,Kandace Evered,keveredo@istockphoto.com,France,2019-06-18,mastercard,3.65,Butter Ripple - Phillips
26,Harlan Few,hfewp@amazon.co.uk,France,2019-08-03,jcb,3.10,Barley - Pearl
27,Gearard Vittery,gvitteryq@constantcontact.com,France,2019-08-20,jcb,3.53,Juice - Lemon
28,Chicky Arbon,carbonr@netscape.com,France,2019-07-16,diners-club-us-ca,9.88,Napkin White
29,Sacha Quixley,squixleys@google.ca,France,2018-10-26,diners-club-enroute,9.87,Beef - Prime Rib Aaa
30,Orelee Benzing,obenzingt@youku.com,France,2019-08-27,jcb,2.06,Paste - Black Olive
31,Ilyssa Worboys,iworboysu@google.nl,United States,2019-02-22,jcb,2.57,Muskox - French Rack
32,Celina Castellini,ccastelliniv@scribd.com,France,2019-01-20,mastercard,6.88,Table Cloth 91x91 Colour
33,Ferdinande Mulvey,fmulveyw@linkedin.com,France,2019-10-11,bankcard,3.32,Glucose
34,Herschel Haskett,hhaskettx@slate.com,United States,2019-03-12,jcb,4.83,"Wine - White, Gewurtzraminer"
35,Betsy Snaddon,bsnaddony@quantcast.com,France,2019-02-08,switch,6.68,"Pasta - Tortellini, Fresh"
36,Cleon Hurford,churfordz@pcworld.com,France,2019-03-02,mastercard,6.95,Sobe - Orange Carrot
37,Sher Nacey,snacey10@whitehouse.gov,United States,2019-05-14,switch,2.24,Pork - Kidney
38,Wayne Geard,wgeard11@hibu.com,United Kingdom,2019-06-17,bankcard,9.22,Dawn Professionl Pot And Pan
39,Penrod Brezlaw,pbrezlaw12@tumblr.com,France,2018-12-22,jcb,6.86,Cookie - Oatmeal
40,Tiebout Szepe,tszepe13@csmonitor.com,United States,2019-06-13,laser,7.76,Kale - Red
41,Rolland Gadsby,rgadsby14@elpais.com,France,2019-04-06,jcb,8.26,Soap - Hand Soap
42,Christopher Plail,cplail15@skyrock.com,United States,2019-01-07,jcb,9.85,Onions - Vidalia
43,Tatiania Althrope,talthrope16@hao123.com,United States,2019-02-08,bankcard,5.59,Bar Mix - Lemon
44,Alphonse Peaurt,apeaurt17@google.ru,France,2018-12-18,jcb,3.08,Mackerel Whole Fresh
45,Vina Chettle,vchettle18@wunderground.com,France,2018-10-03,switch,8.92,Kolrabi
46,Bil Gasson,bgasson19@hc360.com,United States,2019-08-22,jcb,3.49,Sage - Fresh
47,Kimble Lemmen,klemmen1a@mapy.cz,France,2018-12-13,jcb,3.29,"Cheese - Cheddar, Mild"
48,Creight Kubacek,ckubacek1b@constantcontact.com,United States,2019-04-23,diners-club-enroute,3.32,"Pasta - Lasagna Noodle, Frozen"
49,Elna Melmoth,emelmoth1c@google.cn,France,2019-01-04,china-unionpay,7.82,Turnip - Wax
50,Dionne Thurgood,dthurgood1d@furl.net,United States,2019-03-28,jcb,6.73,Bols Melon Liqueur
51,Nate O'Sheeryne,nosheeryne1e@zimbio.com,France,2019-04-20,jcb,9.36,"Seedlings - Buckwheat, Organic"
52,Ario Brownstein,abrownstein1f@forbes.com,United States,2018-10-13,mastercard,5.74,Carbonated Water - Cherry
53,Marsiella Pacht,mpacht1g@aboutads.info,France,2019-02-24,maestro,9.51,"Beef - Bones, Marrow"
54,Joela Glascott,jglascott1h@wired.com,United States,2019-02-07,switch,8.40,Sausage - Andouille
55,Olympie Tedman,otedman1i@usa.gov,United States,2019-07-02,maestro,1.68,Skirt - 24 Foot
56,Lauraine McInility,lmcinility1j@huffingtonpost.com,France,2018-10-08,china-unionpay,5.64,Sobe - Berry Energy
57,Caria Huegett,chuegett1k@aboutads.info,France,2018-12-13,instapayment,8.80,"Shrimp - 16/20, Peeled Deviened"
58,Hermann Gittings,hgittings1l@tuttocitta.it,France,2018-10-18,jcb,9.58,Soup - Tomato Mush. Florentine
59,Georgette Stiff,gstiff1m@mtv.com,France,2019-06-25,bankcard,9.39,Juice - Orangina
60,Rip Sharrocks,rsharrocks1n@deliciousdays.com,United Kingdom,2019-10-07,jcb,7.79,Bananas
61,Noll Castaner,ncastaner1o@discovery.com,France,2019-06-02,jcb,2.77,Flavouring - Rum
62,Bartel Wrack,bwrack1p@reuters.com,United States,2019-01-20,maestro,4.96,Wine - Shiraz Wolf Blass Premium
63,Delilah Baldassi,dbaldassi1q@tinypic.com,United States,2019-05-24,diners-club-carte-blanche,7.32,Wine - Sake
64,Fonzie Axtell,faxtell1r@blogs.com,United Kingdom,2019-01-03,maestro,4.66,Remy Red
65,Belvia Gainseford,bgainseford1s@yandex.ru,United States,2018-10-08,diners-club-international,2.55,"Juice - Tomato, 48 Oz"
66,Crysta Meneghelli,cmeneghelli1t@creativecommons.org,United States,2018-12-28,diners-club-us-ca,2.36,"Onions - Dried, Chopped"
67,Franklin Hinge,fhinge1u@geocities.jp,United States,2019-04-07,jcb,3.75,"Cheese - Cheddar, Mild"
68,Paule Flement,pflement1v@de.vu,France,2019-10-24,jcb,6.44,Extract - Raspberry
69,Farris Eatttok,featttok1w@typepad.com,France,2018-12-27,visa-electron,4.75,"Tart Shells - Savory, 4"
70,Adolph Goodbarr,agoodbarr1x@biglobe.ne.jp,United States,2019-03-25,mastercard,4.33,Wine - Merlot Vina Carmen
71,Diannne Twizell,dtwizell1y@bbb.org,France,2018-11-20,jcb,8.63,Yams
72,Sibbie Duchateau,sduchateau1z@independent.co.uk,France,2019-10-15,bankcard,6.55,"Cherries - Bing, Canned"
73,Celia Obin,cobin20@theglobeandmail.com,United States,2018-10-31,maestro,7.55,Soup - Verve - Chipotle Chicken
74,Fawnia Di Nisco,fdi21@ucoz.ru,France,2019-08-01,jcb,7.58,Ezy Change Mophandle
75,Marje Glanz,mglanz22@blinklist.com,France,2018-11-14,mastercard,4.60,Swiss Chard - Red
76,Glen Nellis,gnellis23@mozilla.org,France,2019-03-20,diners-club-carte-blanche,4.32,Cheese - St. Paulin
77,Dominic Ragot,dragot24@dion.ne.jp,France,2018-11-21,switch,2.71,Wine - Vouvray Cuvee Domaine
78,Tobias Spary,tspary25@macromedia.com,France,2018-10-30,jcb,3.04,Glove - Cutting
79,Kiah Nears,knears26@dmoz.org,United States,2019-10-04,mastercard,7.76,Sauce - Marinara
80,Vasily Wheatman,vwheatman27@npr.org,France,2019-04-25,jcb,8.85,"Juice - Orange, 341 Ml"
81,Hester Elph,helph28@upenn.edu,United States,2018-10-31,jcb,4.40,"Shrimp - Baby, Warm Water"
82,Gale Clapston,gclapston29@people.com.cn,United States,2019-08-28,mastercard,9.00,Pastry - Raisin Muffin - Mini
83,Nancy Le Brum,nle2a@businesswire.com,France,2018-12-31,switch,5.89,Lidsoupcont Rp12dn
84,Galven Blois,gblois2b@bloomberg.com,France,2018-10-31,bankcard,4.68,"Fish - Soup Base, Bouillon"
85,Reggi Ruddin,rruddin2c@multiply.com,United States,2019-01-03,jcb,6.97,Table Cloth 90x90 White
86,Deny Gloster,dgloster2d@ezinearticles.com,United States,2019-06-23,switch,3.27,Pork - Smoked Kassler
87,Patrice Beales,pbeales2e@etsy.com,France,2018-12-20,visa-electron,7.96,Lettuce - Iceberg
88,Reynard McPhelimey,rmcphelimey2f@google.es,United States,2019-10-25,laser,1.69,Bread Crumbs - Japanese Style
89,Caryl Bloxland,cbloxland2g@sitemeter.com,France,2018-12-28,diners-club-enroute,1.30,"Pepper - Chillies, Crushed"
90,Jania Tamas,jtamas2h@un.org,France,2019-03-19,jcb,4.62,Crush - Cream Soda
91,Camella McLelland,cmclelland2i@gnu.org,France,2019-10-14,visa,3.70,Island Oasis - Mango Daiquiri
92,Ludovika Dudderidge,ldudderidge2j@etsy.com,France,2019-08-04,mastercard,8.54,Bread - Burger
93,Christie Durbyn,cdurbyn2k@weebly.com,France,2019-06-02,jcb,6.56,"Lamb - Racks, Frenched"
94,Davita Crosham,dcrosham2l@bizjournals.com,France,2018-10-20,china-unionpay,3.26,Yogurt - Assorted Pack
95,Dedra Pellitt,dpellitt2m@arizona.edu,France,2019-08-17,maestro,9.90,Squid - Breaded
96,Conrado Manginot,cmanginot2n@bravesites.com,United States,2019-09-10,americanexpress,1.14,Spice - Chili Powder Mexican
97,Tiertza Humphrey,thumphrey2o@parallels.com,United States,2019-03-02,visa-electron,8.03,"Nut - Walnut, Pieces"
98,Layton Boorer,lboorer2p@1und1.de,France,2019-07-22,maestro,7.99,Crab - Meat Combo
99,Gabbie Dennerly,gdennerly2q@yandex.ru,France,2019-06-13,china-unionpay,7.68,Oil - Avocado
100,Dannie Sexcey,dsexcey2r@digg.com,France,2019-10-18,visa,5.42,Bagels Poppyseed
101,Florenza Yitzovitz,fyitzovitz2s@networkadvertising.org,France,2019-08-09,diners-club-carte-blanche,8.37,Tomatoes - Roma
102,Aron Licciardi,alicciardi2t@amazon.co.jp,France,2019-09-29,diners-club-enroute,1.48,Lid - 3oz Med Rec
103,Gilburt Garbett,ggarbett2u@ed.gov,France,2019-05-05,instapayment,3.19,"Beef - Chuck, Boneless"
104,Izak Towndrow,itowndrow2v@ameblo.jp,France,2018-11-24,jcb,5.80,Rootbeer
105,Elsy Healeas,ehealeas2w@yale.edu,France,2019-08-17,jcb,7.34,Cake - Lemon Chiffon
106,Caspar Mapes,cmapes2x@furl.net,United States,2018-12-27,mastercard,4.64,"Nut - Walnut, Chopped"
107,Marcille Americi,mamerici2y@harvard.edu,United States,2019-10-28,jcb,4.51,"Bread - Pullman, Sliced"
108,Katerine Antic,kantic2z@upenn.edu,United States,2019-06-01,jcb,1.55,Bread Ww Cluster
109,Talyah Blazek,tblazek30@vimeo.com,United States,2019-02-11,diners-club-international,7.87,"Lettuce - Romaine, Heart"
110,Marcellina Barkess,mbarkess31@bravesites.com,France,2018-11-06,jcb,9.83,"Trout - Rainbow, Fresh"
111,Rachel Plumbe,rplumbe32@harvard.edu,France,2019-02-15,jcb,3.56,Bread - French Baquette
112,Desirae Boylin,dboylin33@cbc.ca,France,2019-02-27,mastercard,9.69,Sauce - Vodka Blush
113,Mattheus Enterlein,menterlein34@fotki.com,France,2018-11-26,jcb,3.09,Pork - Bacon Cooked Slcd
114,Sanderson Brymner,sbrymner35@chronoengine.com,United States,2019-10-10,jcb,9.53,Wine - Spumante Bambino White
115,Demetris Lutwidge,dlutwidge36@buzzfeed.com,United States,2018-11-14,switch,6.72,Honey - Liquid
116,Erik Rubenfeld,erubenfeld37@uol.com.br,France,2019-10-10,switch,1.54,Praline Paste
117,Harlie Windaybank,hwindaybank38@sciencedaily.com,United States,2019-07-08,jcb,2.05,Chicken - Whole Fryers
118,Dieter Comizzoli,dcomizzoli39@e-recht24.de,France,2019-07-24,jcb,9.31,Table Cloth 54x72 White
119,Zackariah Simonou,zsimonou3a@cisco.com,France,2019-10-26,jcb,3.50,Beer - Mill St Organic
120,Denny Piken,dpiken3b@over-blog.com,France,2019-01-19,jcb,6.98,"Turkey - Breast, Double"
121,Normand Bradnum,nbradnum3c@domainmarket.com,France,2019-04-21,laser,5.11,"Roe - Lump Fish, Black"
122,Dukie Baumer,dbaumer3d@timesonline.co.uk,United States,2019-07-30,jcb,2.37,"Mushroom - Morels, Dry"
123,Ottilie Kemshell,okemshell3e@theguardian.com,France,2019-03-29,jcb,1.28,Chutney Sauce - Mango
124,Grantham Cokayne,gcokayne3f@paginegialle.it,France,2019-02-01,maestro,7.67,"Clams - Littleneck, Whole"
125,Tanitansy Nelson,tnelson3g@tripod.com,France,2019-01-21,jcb,5.52,Pants Custom Dry Clean
126,Reine McGeorge,rmcgeorge3h@google.co.uk,France,2019-08-01,diners-club-us-ca,8.49,Energy Drink Bawls
127,Jasmin Dikels,jdikels3i@sfgate.com,United States,2018-12-17,jcb,9.10,Island Oasis - Raspberry
128,Kathye Caddock,kcaddock3j@gnu.org,France,2019-07-17,americanexpress,9.28,Paper Cocktail Umberlla 80 - 180
129,Delbert Barber,dbarber3k@cam.ac.uk,France,2019-09-20,switch,7.04,"Lid - 10,12,16 Oz"
130,Pauly Attyeo,pattyeo3l@google.ca,France,2019-06-08,laser,2.33,Cheese - Le Cheve Noir
131,Tiffanie Test,ttest3m@lulu.com,United States,2019-10-15,bankcard,2.91,Peach - Halves
132,Hazel Konmann,hkonmann3n@xrea.com,United States,2019-06-16,bankcard,8.31,Cinnamon - Stick
133,Delilah Czaja,dczaja3o@bizjournals.com,France,2018-10-11,jcb,4.42,Fib N9 - Prague Powder
134,Amie Duling,aduling3p@vimeo.com,France,2019-03-07,jcb,4.65,Pork - Inside
135,Harmon Tumini,htumini3q@adobe.com,France,2019-10-18,jcb,2.94,Bagels Poppyseed
136,Sigvard Middlemist,smiddlemist3r@parallels.com,United States,2019-06-17,maestro,3.57,Bagelers - Cinn / Brown Sugar
137,Jordon Vasyukhichev,jvasyukhichev3s@yelp.com,United States,2019-07-07,jcb,7.16,Plate Pie Foil
138,Evy Bentz,ebentz3t@nih.gov,France,2019-03-06,jcb,7.11,Butter Balls Salted
139,Martha Blackmoor,mblackmoor3u@imdb.com,France,2019-10-22,china-unionpay,8.15,Chickensplit Half
140,Suellen Demelt,sdemelt3v@jimdo.com,United States,2018-12-10,jcb,5.54,Macaroons - Two Bite Choc
141,Gaylor Wareham,gwareham3w@fda.gov,France,2019-04-05,diners-club-enroute,8.38,Wine - Vidal Icewine Magnotta
142,Hendrika Kirtland,hkirtland3x@mac.com,United States,2018-12-28,bankcard,7.51,Spaghetti Squash
143,Donnie Trorey,dtrorey3y@wikimedia.org,United States,2019-09-24,jcb,7.23,Bread - Bistro Sour
144,Hanna Burgh,hburgh3z@hud.gov,France,2018-11-24,americanexpress,8.41,The Pop Shoppe - Grape
145,Maurits Jiri,mjiri40@google.ru,France,2019-09-27,china-unionpay,7.79,Jolt Cola - Electric Blue
146,Sascha Cawthron,scawthron41@samsung.com,France,2018-10-02,jcb,5.61,Beets - Mini Golden
147,Ludwig Wootton,lwootton42@google.pl,United States,2019-07-18,americanexpress,8.75,Sterno - Chafing Dish Fuel
148,Nat Scates,nscates43@seesaa.net,France,2018-11-06,diners-club-enroute,2.73,Table Cloth 91x91 Colour
149,Aubrie Martins,amartins44@storify.com,France,2018-12-11,visa-electron,1.94,Beer - Labatt Blue
150,Ric Chang,rchang45@walmart.com,France,2018-12-10,jcb,8.46,Sping Loaded Cup Dispenser
151,Druci Luckes,dluckes46@cnbc.com,United States,2019-06-05,jcb,7.45,Juice - Mango
152,Wilbur Banker,wbanker47@topsy.com,United States,2019-10-04,americanexpress,4.18,"Corn - Cream, Canned"
153,Leonerd Dannell,ldannell48@pagesperso-orange.fr,France,2018-12-16,jcb,2.95,Beef Flat Iron Steak
154,Marty Barthrop,mbarthrop49@friendfeed.com,France,2019-05-30,jcb,8.78,Calvados - Boulard
155,Hollie Cathee,hcathee4a@wiley.com,United States,2019-09-29,jcb,3.96,Onions Granulated
156,Oby Waterhous,owaterhous4b@vk.com,France,2019-10-10,china-unionpay,4.71,Bandage - Flexible Neon
157,Chrisse Strutz,cstrutz4c@live.com,France,2019-01-11,mastercard,4.48,Soup - Campbells Mac N Cheese
158,Abrahan Spenley,aspenley4d@aol.com,France,2019-06-02,maestro,6.67,Chocolate - Dark Callets
159,Alasdair Rizzone,arizzone4e@ocn.ne.jp,France,2018-11-21,americanexpress,1.40,Shiro Miso
160,Amata Jepson,ajepson4f@whitehouse.gov,United States,2019-10-15,jcb,6.95,Hot Choc Vending
161,Derek Bamling,dbamling4g@msu.edu,France,2019-02-27,maestro,2.45,Creme De Cacao White
162,Lois D'Aulby,ldaulby4h@netlog.com,United States,2019-02-17,jcb,6.68,Wine - Casillero Del Diablo
163,Alic Stallybrass,astallybrass4i@youtube.com,United States,2019-03-08,maestro,2.74,"Appetizer - Spring Roll, Veg"
164,Rufus Dat,rdat4j@reddit.com,France,2019-06-18,jcb,1.62,Tea - Herbal Sweet Dreams
165,Gaylord Monument,gmonument4k@desdev.cn,United States,2018-10-01,jcb,9.56,Tandoori Curry Paste
166,Mechelle Morican,mmorican4l@tinypic.com,France,2019-07-31,mastercard,8.22,Table Cloth 54x72 Colour
167,Homer Grabeham,hgrabeham4m@webmd.com,France,2018-10-26,visa-electron,8.80,The Pop Shoppe - Lime Rickey
168,Vaughan Causby,vcausby4n@fc2.com,United States,2019-08-12,jcb,3.91,Swiss Chard - Red
169,Reggy Gissing,rgissing4o@tamu.edu,France,2019-10-05,jcb,4.75,Wine - Two Oceans Sauvignon
170,Donnell Guest,dguest4p@apple.com,France,2018-11-06,jcb,5.88,Mini - Vol Au Vents
171,Torin Napolione,tnapolione4q@google.pl,United States,2018-10-31,switch,7.94,Pants Custom Dry Clean
172,Kaela Langdale,klangdale4r@amazon.co.uk,United States,2019-04-27,jcb,3.32,Puff Pastry - Sheets
173,Abbye Muris,amuris4s@1und1.de,United States,2019-03-05,jcb,5.47,"Juice - Orange, 341 Ml"
174,Felecia Bodicum,fbodicum4t@springer.com,France,2018-12-08,americanexpress,7.52,Syrup - Pancake
175,Tarrance Tilling,ttilling4u@wiley.com,United Kingdom,2019-10-04,jcb,4.57,Zucchini - Yellow
176,Alene Vinnicombe,avinnicombe4v@1und1.de,France,2019-01-29,jcb,2.91,Dish Towel
177,Dulci Tipton,dtipton4w@miitbeian.gov.cn,France,2019-07-05,jcb,8.61,Sprouts - Baby Pea Tendrils
178,Joy Duval,jduval4x@msn.com,United States,2019-05-23,jcb,5.62,"Iced Tea - Lemon, 460 Ml"
179,Sanson Mendez,smendez4y@elegantthemes.com,France,2019-01-08,visa-electron,6.88,V8 - Vegetable Cocktail
180,Paquito Wackett,pwackett4z@163.com,France,2019-08-15,visa-electron,1.40,Brandy - Bar
181,Joscelin Shalcras,jshalcras50@netlog.com,France,2019-01-22,jcb,8.02,Wine - Duboeuf Beaujolais
182,Tanny Finnemore,tfinnemore51@topsy.com,United States,2019-02-21,china-unionpay,6.87,Chinese Foods - Cantonese
183,Carmelita Yurocjkin,cyurocjkin52@amazonaws.com,United States,2019-02-10,jcb,2.41,Zucchini - Green
184,Gill Absolom,gabsolom53@pen.io,France,2018-12-26,switch,5.73,"Yogurt - Raspberry, 175 Gr"
185,Tierney Lynnett,tlynnett54@smh.com.au,United States,2018-11-14,jcb,2.76,Artichoke - Fresh
186,Burgess Gobbett,bgobbett55@apache.org,France,2018-12-19,diners-club-enroute,8.89,Lid Tray - 16in Dome
187,Theo Persitt,tpersitt56@admin.ch,France,2019-06-17,jcb,6.05,Table Cloth 62x120 Colour
188,Heath Bagnal,hbagnal57@live.com,United States,2019-05-13,diners-club-carte-blanche,7.95,"Marsala - Sperone, Fine, D.o.c."
189,Roxane Scowen,rscowen58@slate.com,France,2019-01-05,jcb,4.34,Ice Cream - Chocolate
190,Mei Fortman,mfortman59@wufoo.com,France,2019-04-29,jcb,4.19,Bread Crumbs - Japanese Style
191,Linus Vigrass,lvigrass5a@japanpost.jp,France,2019-02-10,jcb,7.79,Strawberries - California
192,Emogene Schimaschke,eschimaschke5b@google.cn,France,2019-03-17,diners-club-enroute,5.95,Cattail Hearts
193,Letizia Wudeland,lwudeland5c@mozilla.com,France,2019-06-21,americanexpress,1.49,Chocolate - Milk
194,Nicol Springham,nspringham5d@ted.com,France,2019-08-29,jcb,5.76,General Purpose Trigger
195,Seumas Yakubowicz,syakubowicz5e@telegraph.co.uk,France,2019-07-04,jcb,4.42,Muffin Mix - Lemon Cranberry
196,Ase Treen,atreen5f@4shared.com,France,2018-10-19,laser,2.44,"Bread - Rolls, Corn"
197,Wynn Burgoin,wburgoin5g@vinaora.com,United States,2019-09-22,jcb,2.63,Lemonade - Pineapple Passion
198,Dane Pitherick,dpitherick5h@mapy.cz,France,2019-02-19,solo,5.86,"Rum - Light, Captain Morgan"
199,Rey Poynton,rpoynton5i@unicef.org,France,2018-10-26,jcb,4.53,Munchies Honey Sweet Trail Mix
200,Dominick Sirey,dsirey5j@soup.io,France,2018-10-06,maestro,9.25,"Soup - Cream Of Broccoli, Dry"
201,Sigrid Sheilds,ssheilds5k@webeden.co.uk,France,2018-11-18,maestro,2.46,Radish - Pickled
202,Ardys Dace,adace5l@bigcartel.com,France,2018-12-21,jcb,4.17,Schnappes Peppermint - Walker
203,Meredeth Smythe,msmythe5m@wikimedia.org,United States,2018-11-29,visa,3.75,Vinegar - Sherry
204,Brigham Quilty,bquilty5n@dion.ne.jp,United States,2019-01-29,switch,9.27,Appetizer - Smoked Salmon / Dill
205,Sibylla Bilofsky,sbilofsky5o@phoca.cz,United States,2019-02-19,americanexpress,4.43,"Beef - Tongue, Fresh"
206,Archibaldo Deners,adeners5p@behance.net,United States,2019-08-11,jcb,1.20,Vinegar - Champagne
207,Buckie Stoeckle,bstoeckle5q@aboutads.info,United States,2018-10-01,jcb,8.89,Pork - Sausage Casing
208,Mei Bagby,mbagby5r@senate.gov,United States,2019-10-26,jcb,8.73,"Bread - Bagels, Plain"
209,Elberta Fidal,efidal5s@t.co,United States,2019-04-27,maestro,2.15,Beans - Butter Lrg Lima
210,Kylynn Genn,kgenn5t@smugmug.com,France,2019-09-21,jcb,5.11,Juice - Lime
211,Alejoa McCorkell,amccorkell5u@examiner.com,France,2019-06-17,jcb,9.72,Bread - 10 Grain Parisian
212,Lauretta Skingley,lskingley5v@zimbio.com,France,2019-02-05,jcb,8.58,Soup - Campbells
213,Gussy Isbell,gisbell5w@blogger.com,United States,2019-07-28,bankcard,6.53,Sauce - Roasted Red Pepper
214,Hattie Budding,hbudding5x@wikimedia.org,United States,2019-09-30,switch,1.34,"Pasta - Cappellini, Dry"
215,Sabina Salaman,ssalaman5y@accuweather.com,United States,2018-10-06,mastercard,9.43,"Wine - Red, Wolf Blass, Yellow"
216,Wade Jonczyk,wjonczyk5z@amazon.co.jp,France,2019-06-21,maestro,6.86,Roe - Flying Fish
217,Bronny Handley,bhandley60@ehow.com,France,2018-12-21,diners-club-carte-blanche,6.29,"Beans - Turtle, Black, Dry"
218,Kliment Outram,koutram61@tumblr.com,France,2019-08-06,jcb,4.55,Kellogs Raisan Bran Bars
219,Tarra Krop,tkrop62@symantec.com,United States,2019-10-19,switch,9.76,Tofu - Soft
220,Alvera Lymbourne,alymbourne63@cbc.ca,United States,2019-08-12,jcb,2.62,Apricots Fresh
221,Garrik Cuel,gcuel64@sogou.com,United States,2019-08-12,mastercard,3.22,Table Cloth 90x90 Colour
222,Druci Joutapavicius,djoutapavicius65@nsw.gov.au,United States,2019-01-06,americanexpress,3.89,Campari
223,Josias Raspison,jraspison66@booking.com,United States,2018-10-15,bankcard,3.60,Guava
224,Mordecai Laycock,mlaycock67@mlb.com,United States,2019-09-20,bankcard,2.54,Muffin Mix - Blueberry
225,Moss Samples,msamples68@odnoklassniki.ru,United States,2019-08-06,visa-electron,7.93,Bread - Raisin Walnut Oval
226,Rahal Dellenty,rdellenty69@t.co,France,2019-03-18,mastercard,1.94,Chicken - White Meat With Tender
227,Evelina Sneller,esneller6a@smh.com.au,United States,2019-05-18,maestro,2.82,Lettuce Romaine Chopped
228,Terrance McCarlich,tmccarlich6b@phpbb.com,United States,2019-03-23,bankcard,5.06,Wine - Casablanca Valley
229,Orazio Flye,oflye6c@dropbox.com,France,2019-10-19,jcb,2.41,Gherkin - Sour
230,Griswold Bushby,gbushby6d@myspace.com,United States,2019-07-25,jcb,4.23,Container - Clear 16 Oz
231,Winona Axford,waxford6e@chronoengine.com,France,2019-08-14,jcb,7.46,Sultanas
232,Carroll Dowling,cdowling6f@typepad.com,France,2019-01-23,diners-club-enroute,2.57,"Soup - Knorr, Veg / Beef"
233,Field Edney,fedney6g@senate.gov,France,2019-07-25,jcb,7.68,Wine - Domaine Boyar Royal
234,Rosette Lowrance,rlowrance6h@shinystat.com,France,2018-11-20,jcb,1.26,Cookie Chocolate Chip With
235,Cissiee Pont,cpont6i@cmu.edu,France,2019-04-16,visa,5.57,Compound - Orange
236,Darleen Boak,dboak6j@cdbaby.com,France,2019-07-13,jcb,4.58,"Rum - Cream, Amarula"
237,Jerrine Gobolos,jgobolos6k@walmart.com,France,2019-10-09,jcb,2.05,"Placemat - Scallop, White"
238,Kean Sweed,ksweed6l@wikimedia.org,United States,2019-05-20,jcb,9.58,"Chicken - Breast, 5 - 7 Oz"
239,Aubrey Oakwell,aoakwell6m@blogger.com,United States,2018-12-06,jcb,8.92,"Wine - Harrow Estates, Vidal"
240,Ruperto Dufaire,rdufaire6n@opensource.org,United States,2018-10-27,americanexpress,7.22,Yeast Dry - Fermipan
241,Hartwell Chucks,hchucks6o@illinois.edu,United States,2019-09-29,visa-electron,5.32,Pie Shell - 9
242,Mallorie Whiffin,mwhiffin6p@mit.edu,France,2019-07-01,jcb,6.60,"Turkey - Breast, Boneless Sk On"
243,Marthe Oby,moby6q@topsy.com,United States,2019-01-08,visa,9.94,Radish - Pickled
244,Melita Kinsey,mkinsey6r@hibu.com,United States,2019-04-17,visa-electron,4.89,Banana - Leaves
245,Opaline Millions,omillions6s@usgs.gov,France,2019-09-26,jcb,5.29,"Glass - Wine, Plastic, Clear 5 Oz"
246,Arne Janas,ajanas6t@deliciousdays.com,France,2018-12-02,jcb,8.12,Corn Meal
247,Marcelline cornhill,mcornhill6u@buzzfeed.com,United States,2019-05-27,switch,6.80,Bread Bowl Plain
248,Roth De Banke,rde6v@engadget.com,France,2019-07-06,switch,7.26,Potatoes - Mini White 3 Oz
249,Pearl Archbold,parchbold6w@state.tx.us,United States,2019-10-18,china-unionpay,9.88,Lychee
250,Gibbie Lindborg,glindborg6x@friendfeed.com,United States,2019-06-22,bankcard,4.78,Pickerel - Fillets
251,Dennis Costan,dcostan6y@nifty.com,France,2019-07-26,mastercard,6.23,Mushrooms - Honey
252,Buddy Corbould,bcorbould6z@biglobe.ne.jp,United States,2018-10-05,diners-club-enroute,1.09,Juice - Lemon
253,Rey Drohan,rdrohan70@unicef.org,United States,2019-01-22,visa-electron,7.53,Garbage Bags - Black
254,Eudora Manktelow,emanktelow71@fda.gov,France,2019-03-12,switch,3.44,"Octopus - Baby, Cleaned"
255,Alonzo Fraczak,afraczak72@youtube.com,France,2019-04-24,jcb,5.70,"Beef - Bones, Cut - Up"
256,Jeremias Mattia,jmattia73@cbslocal.com,France,2018-12-30,mastercard,8.48,Bacardi Mojito
257,Thomasina Kelner,tkelner74@unblog.fr,France,2018-10-27,jcb,8.39,"Beef - Bones, Cut - Up"
258,Corie O'Criane,cocriane75@imdb.com,United States,2019-01-05,jcb,3.25,Pate - Cognac
259,Jonathan Truett,jtruett76@sakura.ne.jp,France,2018-12-02,diners-club-enroute,3.00,Beer - Pilsner Urquell
260,Henri Beeze,hbeeze77@nationalgeographic.com,France,2019-05-27,laser,7.77,Bar Special K
261,Xaviera Silverthorn,xsilverthorn78@foxnews.com,France,2019-02-12,mastercard,6.73,Flavouring Vanilla Artificial
262,Raf Boldt,rboldt79@tripadvisor.com,France,2018-11-01,visa-electron,5.54,Papayas
263,Ebonee Shakesbye,eshakesbye7a@symantec.com,France,2019-09-18,jcb,1.77,"Schnappes - Peach, Walkers"
264,Woodie Balogun,wbalogun7b@netvibes.com,France,2019-02-28,jcb,8.97,Appetizer - Chicken Satay
265,Silvain Graeser,sgraeser7c@washingtonpost.com,United States,2019-08-09,laser,2.29,Wine - Mondavi Coastal Private
266,Georgianna Rabier,grabier7d@loc.gov,France,2019-08-08,maestro,9.50,"Fish - Base, Bouillion"
267,Helge Andrivel,handrivel7e@illinois.edu,France,2019-02-10,china-unionpay,2.98,Wine - Clavet Saint Emilion
268,Brinn Simmell,bsimmell7f@furl.net,France,2019-03-29,jcb,1.07,Cheese - Le Cheve Noir
269,Orson Pope,opope7g@sfgate.com,France,2019-08-02,visa-electron,6.60,"Nut - Pecan, Pieces"
270,Lonni Etock,letock7h@ted.com,France,2019-05-25,americanexpress,6.91,Appetizer - Smoked Salmon / Dill
271,Linette Sawbridge,lsawbridge7i@4shared.com,France,2019-03-08,diners-club-us-ca,6.59,Wine - Conde De Valdemar
272,Annabela McCrackem,amccrackem7j@bandcamp.com,United States,2019-09-24,jcb,8.98,Steampan - Lid For Half Size
273,Broderick Arghent,barghent7k@flickr.com,France,2019-09-02,jcb,9.15,Rye Special Old
274,Sonya McAnulty,smcanulty7l@umich.edu,France,2019-08-30,maestro,7.25,"Extract - Vanilla,artificial"
275,Zelig Stonall,zstonall7m@upenn.edu,France,2019-04-20,jcb,4.60,Pepper - Cubanelle
276,Halley Tropman,htropman7n@geocities.jp,United States,2019-09-13,visa-electron,2.18,Star Fruit
277,Bradly Foran,bforan7o@imgur.com,United States,2019-09-28,diners-club-carte-blanche,7.45,Pectin
278,Hillary Dives,hdives7p@list-manage.com,United States,2018-10-16,jcb,4.52,Towels - Paper / Kraft
279,Gipsy Kears,gkears7q@java.com,France,2019-08-09,jcb,5.55,Green Scrubbie Pad H.duty
280,Vivianne Dowyer,vdowyer7r@upenn.edu,France,2018-12-20,maestro,4.78,Plasticspoonblack
281,Sherline Newhouse,snewhouse7s@ning.com,United States,2018-10-28,visa-electron,4.36,Chickensplit Half
282,Otho Gouinlock,ogouinlock7t@sitemeter.com,United States,2019-03-10,jcb,7.28,"Cheese - Brie, Cups 125g"
283,Ulrikaumeko Southall,usouthall7u@mlb.com,France,2019-06-13,jcb,7.82,"Pasta - Lasagne, Fresh"
284,Portie Penvarne,ppenvarne7v@tumblr.com,United States,2019-03-11,bankcard,5.09,"Cup - 6oz, Foam"
285,Quentin Leavens,qleavens7w@t.co,United States,2019-09-22,maestro,2.45,"Soup - Beef Conomme, Dry"
286,Raff Presdie,rpresdie7x@guardian.co.uk,France,2019-09-25,jcb,9.55,Veal - Inside
287,Karina Vondrak,kvondrak7y@usda.gov,France,2019-10-10,maestro,7.25,Lemon Pepper
288,Fowler Spandley,fspandley7z@hp.com,United States,2019-03-16,jcb,5.90,Wine - Sicilia Igt Nero Avola
289,Gradey Lyle,glyle80@alexa.com,France,2019-09-14,americanexpress,7.59,Temperature Recording Station
290,Kathryne Kegan,kkegan81@jigsy.com,United States,2019-04-13,jcb,1.72,Spice - Pepper Portions
291,Judy Alps,jalps82@upenn.edu,France,2018-11-11,jcb,7.03,Pumpkin - Seed
292,Tremain Huggin,thuggin83@blogs.com,United States,2019-01-18,bankcard,4.55,Beets
293,Sutherland Addy,saddy84@t-online.de,France,2018-12-04,jcb,5.59,"Tomatoes - Plum, Canned"
294,Aleksandr Biddiss,abiddiss85@buzzfeed.com,France,2019-07-01,diners-club-carte-blanche,4.97,"Bread - Pullman, Sliced"
295,Allyn O'Brogan,aobrogan86@bloglovin.com,United States,2018-11-08,visa,9.88,"Wine - White, Antinore Orvieto"
296,Shadow Gallehawk,sgallehawk87@whitehouse.gov,United States,2019-04-18,jcb,6.87,Cassis
297,Adriane Morshead,amorshead88@friendfeed.com,France,2019-03-14,jcb,8.94,Bread Cranberry Foccacia
298,Jo Alger,jalger89@elpais.com,France,2019-10-18,mastercard,1.42,Canada Dry
299,Rickard Duddridge,rduddridge8a@blogtalkradio.com,France,2019-06-05,jcb,7.39,Eel Fresh
300,Washington Ottley,wottley8b@unicef.org,France,2019-03-12,americanexpress,2.14,Compound - Rum
301,Saudra Timbrell,stimbrell8c@dailymotion.com,United States,2019-08-07,laser,6.78,Beets
302,Magnum Perazzo,mperazzo8d@amazon.de,France,2019-08-24,jcb,5.56,Chicken Breast Halal
303,Boy Dmitrovic,bdmitrovic8e@ning.com,France,2019-08-12,jcb,2.39,Coffee - Dark Roast
304,Reeta O'Doghesty,rodoghesty8f@google.de,France,2018-10-24,jcb,7.97,"Juice - Orange, 341 Ml"
305,Agna Bellwood,abellwood8g@elegantthemes.com,United States,2019-04-30,maestro,7.48,"Chocolate - Pistoles, Lactee, Milk"
306,Tonya Stannering,tstannering8h@comcast.net,France,2019-06-20,jcb,7.48,Food Colouring - Red
307,Dionysus Burberow,dburberow8i@ehow.com,France,2019-08-10,switch,1.93,Wine - Barolo Fontanafredda
308,Wye Kobierra,wkobierra8j@yandex.ru,United States,2019-04-13,laser,5.25,Chips - Doritos
309,Percy Stuehmeyer,pstuehmeyer8k@phpbb.com,United States,2018-11-27,mastercard,1.70,"Rum - Coconut, Malibu"
310,Marci Dunklee,mdunklee8l@hud.gov,France,2019-05-19,mastercard,3.51,Momiji Oroshi Chili Sauce
311,Junie Bayman,jbayman8m@cocolog-nifty.com,United Kingdom,2018-11-29,jcb,3.18,Bagelers - Cinn / Brown
312,Luce De la Yglesia,lde8n@ucoz.ru,France,2018-12-29,mastercard,1.22,Onions - Red
313,Joycelin Angus,jangus8o@nationalgeographic.com,France,2019-07-26,mastercard,3.97,"Pork - Ham, Virginia"
314,Chiarra Lewsey,clewsey8p@harvard.edu,United States,2018-12-08,switch,7.24,Dooleys Toffee
315,Francine Barns,fbarns8q@pinterest.com,France,2019-08-31,laser,3.17,Soup Campbells Mexicali Tortilla
316,Guglielma Witling,gwitling8r@feedburner.com,France,2019-08-12,diners-club-carte-blanche,8.82,Sauce - Hoisin
317,Holden Ingham,hingham8s@who.int,United States,2019-07-23,jcb,8.07,Bagelers - Cinn / Brown Sugar
318,Darby Planke,dplanke8t@newsvine.com,France,2019-09-25,jcb,2.00,Halibut - Fletches
319,Court Penswick,cpenswick8u@google.com.au,United States,2019-01-27,diners-club-enroute,6.89,"Pepper - Red, Finger Hot"
320,Tan O'Reilly,toreilly8v@google.es,France,2019-10-16,solo,2.72,"Pepper - Black, Crushed"
321,Tiffany Suttaby,tsuttaby8w@mtv.com,United States,2019-06-20,diners-club-carte-blanche,5.99,Wine - Beringer Founders Estate
322,Ronny Ludmann,rludmann8x@comcast.net,United States,2018-11-24,jcb,7.76,"Pasta - Elbows, Macaroni, Dry"
323,Nesta Wink,nwink8y@yandex.ru,United States,2019-09-30,maestro,4.09,Sauce - Mint
324,Janel Scoyles,jscoyles8z@java.com,United States,2019-04-16,americanexpress,9.44,Cheese Cloth No 100
325,Johnna Leon,jleon90@opensource.org,United States,2019-05-27,jcb,4.03,Extract - Almond
326,Chrysler Elsmor,celsmor91@blogspot.com,France,2019-02-08,visa,1.77,Icecream - Dstk Super Cone
327,Katha Kinchington,kkinchington92@bing.com,United States,2019-02-18,jcb,8.82,Nantucket - Pomegranate Pear
328,Delila Keys,dkeys93@cbc.ca,France,2019-05-20,switch,9.86,Chicken - Wieners
329,Freda Glading,fglading94@dmoz.org,France,2019-09-13,mastercard,8.44,"Leeks - Baby, White"
330,Arlie Plott,aplott95@odnoklassniki.ru,United States,2019-01-21,jcb,5.35,Table Cloth - 53x69 Colour
331,Tracey Trowel,ttrowel96@tamu.edu,France,2019-10-20,jcb,2.40,Island Oasis - Lemonade
332,Jilleen Oakley,joakley97@va.gov,France,2019-06-09,mastercard,6.59,Bread - Pita
333,Faulkner Ivashin,fivashin98@wsj.com,France,2019-01-08,jcb,9.90,"Wine - White, Schroder And Schyl"
334,Greggory Seager,gseager99@wiley.com,United States,2019-05-29,jcb,5.07,Shrimp - Black Tiger 13/15
335,Esmaria Tooby,etooby9a@weebly.com,United States,2019-04-03,laser,1.93,Hipnotiq Liquor
336,Selene Waddilow,swaddilow9b@fda.gov,France,2019-10-23,laser,5.35,Carbonated Water - Blackberry
337,Alexandre Southwell,asouthwell9c@usnews.com,France,2019-10-10,americanexpress,4.13,Cookie Dough - Peanut Butter
338,Ignacius Buttriss,ibuttriss9d@slashdot.org,France,2018-11-14,bankcard,8.40,Potatoes - Mini White 3 Oz
339,Ezra Karlowicz,ekarlowicz9e@last.fm,United States,2019-10-29,china-unionpay,5.14,Table Cloth 53x53 White
340,Bar Lowndsbrough,blowndsbrough9f@ted.com,France,2019-07-01,jcb,5.62,Cake - Dulce De Leche
341,Hervey Feaster,hfeaster9g@bizjournals.com,United States,2019-06-30,visa-electron,6.34,Cheese - Victor Et Berthold
342,Preston Bramstom,pbramstom9h@senate.gov,France,2019-07-01,switch,3.57,Nantucket - Kiwi Berry Cktl.
343,Cory Azam,cazam9i@naver.com,United States,2019-06-06,jcb,8.85,Flower - Commercial Bronze
344,Derrek Brabant,dbrabant9j@wsj.com,France,2019-01-14,diners-club-carte-blanche,5.05,Beer - Corona
345,Katharyn Hatfield,khatfield9k@tinyurl.com,France,2019-08-10,mastercard,5.37,Chocolate - White
346,Rosalie Fossitt,rfossitt9l@amazon.co.uk,France,2019-05-12,bankcard,5.48,Cup - Translucent 7 Oz Clear
347,Federica Hasnney,fhasnney9m@illinois.edu,France,2019-02-13,solo,9.11,"Shrimp - 21/25, Peel And Deviened"
348,Kary Gutans,kgutans9n@histats.com,France,2018-11-13,bankcard,7.89,Chicken - Wieners
349,Jermayne Rennison,jrennison9o@smugmug.com,France,2019-08-16,diners-club-enroute,8.62,Squid Ink
350,Loutitia Markwelley,lmarkwelley9p@answers.com,France,2019-04-28,switch,5.10,Nutmeg - Ground
351,Dom Mountlow,dmountlow9q@last.fm,France,2019-10-19,jcb,5.92,Salt - Kosher
352,Colas Akrigg,cakrigg9r@edublogs.org,France,2019-01-14,diners-club-carte-blanche,4.12,Carbonated Water - Lemon Lime
353,Fernandina Witling,fwitling9s@arizona.edu,United States,2019-01-29,diners-club-international,7.15,"Nut - Almond, Blanched, Sliced"
354,Happy Drennan,hdrennan9t@illinois.edu,United States,2019-01-15,instapayment,9.41,"Wine - White, Chardonnay"
355,Quinn Cantillion,qcantillion9u@miitbeian.gov.cn,France,2019-03-14,laser,9.77,"Bread - Sticks, Thin, Plain"
356,Bondie Geipel,bgeipel9v@theguardian.com,United States,2019-06-11,jcb,9.70,Potatoes - Yukon Gold 5 Oz
357,Petronella Grigorushkin,pgrigorushkin9w@about.com,France,2018-11-06,jcb,9.28,"Chilli Paste, Ginger Garlic"
358,Letti Mordey,lmordey9x@digg.com,United States,2019-01-26,visa-electron,9.18,Jello - Assorted
359,Lorette Matthieson,lmatthieson9y@webmd.com,France,2019-05-22,jcb,5.04,"Yogurt - Banana, 175 Gr"
360,Lesya Crichmere,lcrichmere9z@foxnews.com,France,2019-08-31,maestro,6.31,"Lamb - Pieces, Diced"
361,Antin Boustead,abousteada0@senate.gov,United States,2019-09-21,jcb,2.16,Wine - Ruffino Chianti
362,Stevy Joriot,sjoriota1@squarespace.com,France,2019-07-27,jcb,2.29,Carbonated Water - Wildberry
363,Wat Coldbathe,wcoldbathea2@npr.org,France,2019-09-12,jcb,2.91,Tart - Butter Plain Squares
364,Bab Harrap,bharrapa3@foxnews.com,United States,2018-11-11,jcb,4.21,Spinach - Packaged
365,Estelle Vuittet,evuitteta4@desdev.cn,United States,2019-09-06,americanexpress,1.59,Chervil - Fresh
366,Addie Davidovitch,adavidovitcha5@irs.gov,France,2018-11-25,jcb,2.07,Lamb - Ground
367,Hercule Johananov,hjohananova6@rakuten.co.jp,United States,2019-01-07,jcb,2.63,"Asparagus - Green, Fresh"
368,Torie Decent,tdecenta7@mapquest.com,France,2019-09-13,jcb,2.16,Langers - Ruby Red Grapfruit
369,Gaultiero Bowerbank,gbowerbanka8@loc.gov,United States,2018-10-14,diners-club-carte-blanche,2.60,"Wine - Sherry Dry Sack, William"
370,Drusie Tredget,dtredgeta9@meetup.com,United Kingdom,2019-07-13,diners-club-enroute,9.90,"Artichokes - Knobless, White"
371,Fawne Wesson,fwessonaa@mail.ru,United States,2019-02-18,china-unionpay,1.32,Cabbage - Nappa
372,Jedediah Fley,jfleyab@domainmarket.com,United States,2019-01-27,jcb,1.77,Bag - Clear 7 Lb
373,Terrill Jehu,tjehuac@amazonaws.com,United States,2019-02-01,jcb,9.09,Potatoes - Pei 10 Oz
374,Ermengarde Panter,epanterad@t-online.de,United States,2018-10-27,jcb,2.59,Hot Chocolate - Individual
375,Anselma Toupe,atoupeae@mit.edu,United States,2019-05-29,diners-club-carte-blanche,5.44,"Wine - White, Gewurtzraminer"
376,Vinson Merriott,vmerriottaf@smh.com.au,France,2019-09-21,china-unionpay,8.94,Arizona - Green Tea
377,Ardene Mallatratt,amallatrattag@technorati.com,United States,2019-01-07,laser,1.95,Tahini Paste
378,Jaime Essery,jesseryah@sitemeter.com,France,2019-06-03,diners-club-enroute,4.36,Quail - Jumbo
379,Ring Soeiro,rsoeiroai@cbslocal.com,United States,2019-01-24,instapayment,8.55,Creme De Menthe Green
380,Norry Snazle,nsnazleaj@wordpress.com,United States,2018-11-06,diners-club-carte-blanche,7.86,Pasta - Fusili Tri - Coloured
381,Natty Milligan,nmilliganak@huffingtonpost.com,United States,2019-03-06,jcb,3.37,"Iced Tea - Lemon, 340ml"
382,Jodie Azam,jazamal@patch.com,United States,2019-05-31,diners-club-us-ca,6.00,Cleaner - Comet
383,Jacquelynn Gosney,jgosneyam@theglobeandmail.com,France,2019-01-26,jcb,2.60,Truffle Shells - Semi - Sweet
384,Gianna Axcel,gaxcelan@tiny.cc,United States,2018-10-07,china-unionpay,9.44,Bowl 12 Oz - Showcase 92012
385,Alla D'orsay,adorsayao@harvard.edu,France,2019-07-22,jcb,9.41,Milk - 2% 250 Ml
386,Philippe Kimbly,pkimblyap@chicagotribune.com,United States,2018-10-21,jcb,1.75,"Mustard - Dry, Powder"
387,Norina Heisman,nheismanaq@cisco.com,France,2019-03-11,solo,8.28,Pur Value
388,Olivero Idale,oidalear@forbes.com,France,2018-12-24,maestro,3.33,Bread - Flat Bread
389,Kyle Chitham,kchithamas@g.co,United States,2019-07-21,china-unionpay,4.94,Wine - Chateau Timberlay
390,Boris McGinlay,bmcginlayat@google.com.hk,United States,2019-03-20,switch,9.86,Sausage - Liver
391,Horten McComiskie,hmccomiskieau@cbsnews.com,France,2018-11-30,jcb,6.07,Compound - Pear
392,Beck Pryce,bpryceav@phoca.cz,United States,2019-05-29,jcb,2.32,Grapes - Green
393,Keith Lumber,klumberaw@discuz.net,France,2018-11-25,solo,6.62,"Cake Circle, Foil, Scallop"
394,Cal Shaudfurth,cshaudfurthax@joomla.org,France,2019-03-16,switch,6.09,"Vinegar - Balsamic, White"
395,Dani Casaro,dcasaroay@shinystat.com,United States,2019-04-20,diners-club-carte-blanche,8.64,Beef - Flank Steak
396,Corey Donisi,cdonisiaz@dion.ne.jp,France,2018-10-14,diners-club-carte-blanche,7.79,Sage - Fresh
397,Isis Fenich,ifenichb0@macromedia.com,United States,2019-03-02,jcb,1.21,Appetizer - Shrimp Puff
398,Coreen Daniele,cdanieleb1@creativecommons.org,United States,2018-11-30,jcb,3.71,Wine - Magnotta - Belpaese
399,Margarita Dosdell,mdosdellb2@e-recht24.de,United Kingdom,2018-10-17,jcb,1.10,Cake Sheet Combo Party Pack
400,Helena Phillimore,hphillimoreb3@seattletimes.com,United States,2019-07-22,maestro,6.31,Milk - 1%
401,Yuma Yelyashev,yyelyashevb4@sina.com.cn,France,2019-05-15,diners-club-enroute,1.82,Chicken - Ground
402,Trudi Marzella,tmarzellab5@nsw.gov.au,United States,2019-02-22,jcb,7.18,Cookies - Englishbay Wht
403,Con Squeers,csqueersb6@buzzfeed.com,France,2018-12-30,jcb,2.82,Squid - U 5
404,Francine Dwane,fdwaneb7@rakuten.co.jp,United States,2019-09-15,jcb,5.59,"Soup - Cream Of Broccoli, Dry"
405,Desmund Sutehall,dsutehallb8@columbia.edu,France,2019-10-14,diners-club-carte-blanche,7.20,Muffin Mix - Corn Harvest
406,Neill Lowres,nlowresb9@noaa.gov,United States,2019-06-11,jcb,3.22,Tea - Vanilla Chai
407,Mic Bowlas,mbowlasba@furl.net,France,2019-09-08,jcb,6.22,Skirt - 24 Foot
408,Randie Scripps,rscrippsbb@a8.net,France,2018-11-06,diners-club-carte-blanche,7.79,Tea Peppermint
409,Kalie Ludlam,kludlambc@simplemachines.org,France,2019-07-07,jcb,8.77,Vinegar - White Wine
410,Nahum Bickerdike,nbickerdikebd@smugmug.com,France,2019-04-02,jcb,5.99,Maple Syrup
411,Maris Cuttings,mcuttingsbe@imgur.com,United States,2018-11-05,mastercard,3.16,Juice - Orangina
412,Ardelia Dibson,adibsonbf@free.fr,United States,2019-09-08,visa-electron,1.04,Table Cloth 54x54 Colour
413,Dotti Dunbleton,ddunbletonbg@wp.com,France,2019-08-06,visa,4.40,"Soup - Knorr, Veg / Beef"
414,Katha Hylden,khyldenbh@constantcontact.com,United States,2019-07-23,diners-club-enroute,2.49,Lettuce - Radicchio
415,Caty Lockless,clocklessbi@simplemachines.org,France,2018-10-21,china-unionpay,7.74,Rice - Aborio
416,Aimil Dorking,adorkingbj@wisc.edu,France,2019-10-21,switch,4.00,Beef - Eye Of Round
417,Carrissa Hillock,chillockbk@techcrunch.com,United States,2019-02-08,maestro,9.03,"Ecolab - Orange Frc, Cleaner"
418,Lelah Fraczkiewicz,lfraczkiewiczbl@pbs.org,United States,2019-06-08,jcb,5.20,Wakami Seaweed
419,Camala Hamby,chambybm@fastcompany.com,France,2018-11-11,jcb,7.38,Swordfish Loin Portions
420,Zea Errichelli,zerrichellibn@diigo.com,United States,2018-10-12,jcb,2.12,Sweet Pea Sprouts
421,Fredericka Bowlands,fbowlandsbo@blogspot.com,France,2019-06-23,solo,9.61,Allspice - Jamaican
422,Theodoric Tuft,ttuftbp@friendfeed.com,United States,2019-10-13,mastercard,7.88,Lamb - Whole Head Off
423,Lek Gudeman,lgudemanbq@nps.gov,France,2019-05-06,jcb,2.52,Chicken - Whole Fryers
424,Julie McCroary,jmccroarybr@1688.com,France,2019-09-06,jcb,7.92,Sauce - Balsamic Viniagrette
425,Gabe Lampel,glampelbs@wiley.com,France,2019-03-09,maestro,1.66,Tomatoes - Grape
426,Selena Edgeler,sedgelerbt@rakuten.co.jp,United States,2018-10-19,jcb,2.13,"Cherries - Maraschino,jar"
427,Ezequiel Marchington,emarchingtonbu@apache.org,France,2019-05-31,jcb,2.55,Bouillion - Fish
428,Delores Bachanski,dbachanskibv@chron.com,United Kingdom,2019-03-17,jcb,4.95,Pur Value
429,Yettie Dargie,ydargiebw@earthlink.net,United States,2018-10-16,jcb,2.96,Eggplant Oriental
430,Jermaine Longfield,jlongfieldbx@fastcompany.com,France,2018-11-11,jcb,2.57,Sobe - Cranberry Grapefruit
431,Grata Desborough,gdesboroughby@domainmarket.com,United States,2019-03-18,jcb,3.24,Pork - Liver
432,Gayleen Fasse,gfassebz@addtoany.com,France,2019-01-13,jcb,8.46,Soup V8 Roasted Red Pepper
433,Ulises Proske,uproskec0@histats.com,France,2019-09-11,diners-club-us-ca,7.21,Chickensplit Half
434,Sharlene Wellings,swellingsc1@zimbio.com,France,2018-11-19,jcb,1.37,"Fish - Scallops, Cold Smoked"
435,Celene Pavier,cpavierc2@flickr.com,France,2019-06-05,switch,4.00,Island Oasis - Banana Daiquiri
436,Yasmeen Swale,yswalec3@soup.io,United States,2019-07-29,diners-club-carte-blanche,7.95,Beef Dry Aged Tenderloin Aaa
437,Dora Willars,dwillarsc4@vkontakte.ru,France,2019-03-15,china-unionpay,6.13,Southern Comfort
438,Raoul Stile,rstilec5@pagesperso-orange.fr,United States,2019-08-18,jcb,2.39,Cod - Fillets
439,Lynett Blacket,lblacketc6@washington.edu,United States,2018-10-17,maestro,1.58,Beef - Rib Eye Aaa
440,Rheba Patrono,rpatronoc7@uol.com.br,United States,2019-04-19,jcb,1.21,Towel - Roll White
441,Culver Jinkin,cjinkinc8@goo.ne.jp,France,2018-12-05,switch,7.92,Cheese Cloth No 60
442,Boycie Alecock,balecockc9@spiegel.de,France,2019-10-27,americanexpress,6.69,Flavouring - Orange
443,Tyne Leas,tleasca@uol.com.br,France,2019-09-10,diners-club-us-ca,7.48,Rye Special Old
444,Dael Scutts,dscuttscb@goodreads.com,France,2019-04-17,americanexpress,7.50,Skirt - 24 Foot
445,Lorine O'Ferris,loferriscc@china.com.cn,United States,2019-07-07,china-unionpay,7.80,Ecolab - Mikroklene 4/4 L
446,Melisa Labell,mlabellcd@sohu.com,United States,2019-01-19,visa-electron,2.86,Sauce - Soy Low Sodium - 3.87l
447,Ritchie Kighly,rkighlyce@webeden.co.uk,United States,2019-05-23,china-unionpay,6.46,Broom And Brush Rack Black
448,Vasily Mouser,vmousercf@tinyurl.com,United States,2019-10-04,maestro,6.06,"Garlic - Primerba, Paste"
449,Hall Schettini,hschettinicg@goo.ne.jp,France,2019-10-23,china-unionpay,7.97,Cake - Pancake
450,Elset Samarth,esamarthch@smh.com.au,United States,2019-01-26,jcb,1.81,Vinegar - Red Wine
451,Valene Leatherborrow,vleatherborrowci@gnu.org,France,2018-10-25,jcb,1.96,"Bread - Bagels, Plain"
452,Frayda Dabrowski,fdabrowskicj@istockphoto.com,United States,2019-01-03,diners-club-enroute,9.04,Juice - V8 Splash
453,Nada LLelweln,nllelwelnck@ezinearticles.com,United States,2019-06-16,visa,5.40,"Vermouth - Sweet, Cinzano"
454,Greg Stalman,gstalmancl@canalblog.com,United States,2019-07-02,jcb,2.66,"Salsify, Organic"
455,Rolando Paradine,rparadinecm@moonfruit.com,United States,2019-03-12,mastercard,3.51,Bread - Calabrese Baguette
456,Emlen Wastling,ewastlingcn@webeden.co.uk,France,2019-01-31,visa-electron,2.55,Lamb - Sausage Casings
457,Willa Paradyce,wparadyceco@rediff.com,United States,2019-10-09,mastercard,5.51,"Lemonade - Kiwi, 591 Ml"
458,Timmy Ormston,tormstoncp@howstuffworks.com,France,2019-08-16,jcb,4.09,Vodka - Moskovskaya
459,Conan Bletcher,cbletchercq@cdc.gov,France,2019-06-14,laser,6.74,Glove - Cutting
460,Tait Ramey,trameycr@paginegialle.it,France,2018-11-17,diners-club-international,1.83,Higashimaru Usukuchi Soy
461,Carena Tevelov,ctevelovcs@meetup.com,United States,2019-03-29,diners-club-enroute,8.53,"Wine - White, Riesling, Henry Of"
462,Janie Parmley,jparmleyct@nymag.com,France,2019-09-18,diners-club-international,2.99,Soup - Campbells Beef Noodle
463,Shanie Willoughey,swillougheycu@weebly.com,France,2018-11-18,jcb,7.42,Puree - Pear
464,Mort Schoffler,mschofflercv@ehow.com,France,2019-03-31,jcb,2.36,Icecream Bar - Del Monte
465,Donnajean Larkby,dlarkbycw@spotify.com,United States,2019-08-26,china-unionpay,6.40,"Wine - Red, Colio Cabernet"
466,Hartley Callf,hcallfcx@admin.ch,France,2019-04-26,switch,3.68,Wine - Trimbach Pinot Blanc
467,Elizabet Birchwood,ebirchwoodcy@usnews.com,France,2019-08-06,diners-club-carte-blanche,9.40,Soup - Campbells Beef Strogonoff
468,Sigismund Eshmade,seshmadecz@thetimes.co.uk,United States,2019-06-06,diners-club-us-ca,2.56,Oil - Safflower
469,Lira Gilbertson,lgilbertsond0@liveinternet.ru,France,2019-05-24,jcb,8.07,"Quail - Eggs, Fresh"
470,Elly Finey,efineyd1@scientificamerican.com,United States,2018-11-29,china-unionpay,7.74,"Split Peas - Yellow, Dry"
471,Claudia McGonigle,cmcgonigled2@nasa.gov,France,2018-10-20,diners-club-enroute,9.22,Pomegranates
472,Averil Ranahan,aranahand3@wp.com,France,2019-01-09,jcb,4.96,Pate - Cognac
473,Yance Philipp,yphilippd4@skype.com,United States,2019-04-16,laser,3.34,"Nut - Pecan, Pieces"
474,Alasteir Humberston,ahumberstond5@businessinsider.com,France,2018-11-22,bankcard,3.43,"Vermouth - Sweet, Cinzano"
475,Ignatius Dumphy,idumphyd6@newyorker.com,France,2019-05-05,diners-club-carte-blanche,5.23,Caviar - Salmon
476,Dannie Cartmael,dcartmaeld7@tmall.com,United States,2019-01-26,diners-club-carte-blanche,4.54,Devonshire Cream
477,Malissia Delacourt,mdelacourtd8@skyrock.com,France,2019-04-21,jcb,3.00,Cup - 8oz Coffee Perforated
478,Abbey Djokovic,adjokovicd9@vinaora.com,France,2019-10-06,china-unionpay,5.15,Versatainer Nc - 888
479,Emmy McIlraith,emcilraithda@examiner.com,United Kingdom,2019-06-22,americanexpress,2.49,Pasta - Ravioli
480,Calhoun Beardshall,cbeardshalldb@addthis.com,France,2018-11-20,maestro,4.38,Tuna - Yellowfin
481,Beret Elsdon,belsdondc@squidoo.com,United States,2019-02-19,bankcard,3.37,Compound - Pear
482,Sargent Goundry,sgoundrydd@ucla.edu,France,2018-12-29,jcb,8.44,Gloves - Goldtouch Disposable
483,Lucais Poller,lpollerde@youku.com,United States,2019-10-19,diners-club-carte-blanche,2.74,Sesame Seed Black
484,Lola Okenfold,lokenfolddf@hostgator.com,United States,2019-01-04,mastercard,7.10,Venison - Ground
485,Ernestus McMillian,emcmilliandg@newyorker.com,France,2019-07-27,diners-club-us-ca,4.93,"Red Snapper - Fillet, Skin On"
486,Jorge Shoreman,jshoremandh@ycombinator.com,United States,2019-07-31,jcb,9.98,Curry Powder Madras
487,Antonietta Narup,anarupdi@fotki.com,France,2018-11-15,jcb,7.21,Cumin - Ground
488,Georgina Alberts,galbertsdj@friendfeed.com,France,2019-05-10,switch,1.66,"Ice - Clear, 300 Lb For Carving"
489,Emmalee Quarles,equarlesdk@diigo.com,France,2019-05-23,maestro,3.03,Butter Balls Salted
490,Jard Peppin,jpeppindl@mozilla.com,United States,2019-06-16,jcb,3.90,Wine - Fat Bastard Merlot
491,Cirilo Hucker,chuckerdm@ezinearticles.com,United States,2018-10-14,mastercard,4.87,Lobak
492,Darrell Folkard,dfolkarddn@tiny.cc,France,2018-11-01,jcb,3.39,Wine - Dubouef Macon - Villages
493,Jarvis Fourmy,jfourmydo@friendfeed.com,United States,2019-06-01,china-unionpay,5.15,"Turnip - White, Organic"
494,Dalila Sutch,dsutchdp@boston.com,United States,2019-10-27,switch,8.91,Beef - Short Loin
495,Lonee McConnulty,lmcconnultydq@noaa.gov,United States,2018-11-15,jcb,7.31,Everfresh Products
496,Ahmad Harsum,aharsumdr@mozilla.com,France,2019-06-11,jcb,3.15,"Salmon - Atlantic, Fresh, Whole"
497,Theobald Heyward,theywardds@ask.com,France,2018-11-18,jcb,7.40,Hold Up Tool Storage Rack
498,Tally Skelly,tskellydt@ftc.gov,United States,2019-02-20,jcb,5.61,Garam Masala Powder
499,Con Novill,cnovilldu@wp.com,France,2019-07-03,jcb,2.88,Anchovy In Oil
500,Amelina Lawlan,alawlandv@behance.net,France,2019-07-17,americanexpress,8.37,Bread Sour Rolls
501,Daloris Yuille,dyuilledw@networksolutions.com,United States,2019-01-10,americanexpress,8.16,Yeast Dry - Fermipan
502,Bentley Diloway,bdilowaydx@discuz.net,United States,2019-04-07,solo,7.72,Sprouts - Brussel
503,Maggy Wight,mwightdy@hud.gov,France,2018-11-08,jcb,1.72,Rye Special Old
504,Kalila Bebbell,kbebbelldz@prnewswire.com,United States,2019-08-02,diners-club-enroute,8.20,"Pasta - Fettuccine, Dry"
505,Doll Airton,dairtone0@nsw.gov.au,United States,2019-03-01,jcb,7.23,Sage - Rubbed
506,Michell Duffield,mduffielde1@icq.com,France,2018-11-10,mastercard,8.58,Yoghurt Tubes
507,Nanny Nawton,nnawtone2@icq.com,France,2019-01-31,jcb,8.27,Icecream - Dstk Super Cone
508,Hynda Saffin,hsaffine3@examiner.com,United States,2018-12-25,visa-electron,4.55,Cookie Chocolate Chip With
509,Lorilyn Treppas,ltreppase4@storify.com,France,2019-06-14,americanexpress,5.74,Bacardi Mojito
510,Lurleen Slobom,lslobome5@vkontakte.ru,United States,2019-01-17,switch,4.32,Pie Filling - Apple
511,Debee Meere,dmeeree6@ebay.co.uk,France,2019-02-03,jcb,6.76,Pork - Ground
512,Kirbee Barbrook,kbarbrooke7@gmpg.org,United States,2019-10-18,mastercard,7.33,Vaccum Bag 10x13
513,Roseann Pymm,rpymme8@guardian.co.uk,France,2018-10-11,jcb,8.57,Goat - Whole Cut
514,Hildegaard Dullard,hdullarde9@ow.ly,France,2019-01-13,visa-electron,3.25,Thyme - Fresh
515,Smith Cammoile,scammoileea@linkedin.com,France,2019-03-09,switch,7.10,"Beef - Tongue, Fresh"
516,Byrom Craddock,bcraddockeb@yahoo.com,France,2018-10-28,diners-club-us-ca,5.31,Longos - Lasagna Beef
517,Kristo Ojeda,kojedaec@yolasite.com,United States,2019-05-13,jcb,7.43,Shiro Miso
518,May Dunlop,mdunloped@accuweather.com,United States,2019-10-23,visa,9.03,Calypso - Strawberry Lemonade
519,Oneida Stelli,ostelliee@google.pl,France,2019-10-10,jcb,4.30,Juice - Ocean Spray Cranberry
520,Walker Bang,wbangef@gov.uk,France,2019-02-22,china-unionpay,3.72,Extract - Lemon
521,Xenos Dohmann,xdohmanneg@slashdot.org,United States,2019-08-12,jcb,6.66,Nantucket - Carrot Orange
522,Lorenza Croot,lcrooteh@github.io,France,2018-12-10,maestro,6.40,Ecolab - Solid Fusion
523,Chrysa Bwye,cbwyeei@virginia.edu,France,2018-11-06,jcb,7.10,"Yogurt - Cherry, 175 Gr"
524,Jacky Steutly,jsteutlyej@imgur.com,France,2019-05-10,mastercard,8.25,Spaghetti Squash
525,Rhonda Elnaugh,relnaughek@mozilla.com,United States,2019-05-26,americanexpress,3.64,Sole - Iqf
526,Stephani Maundrell,smaundrellel@latimes.com,France,2019-10-20,jcb,3.68,Lamb - Shanks
527,Quent Swanston,qswanstonem@google.co.uk,United Kingdom,2019-01-18,maestro,3.54,Pork - Liver
528,Andy McEntagart,amcentagarten@bizjournals.com,France,2019-03-18,mastercard,9.92,Salt - Seasoned
529,Melitta Wooderson,mwoodersoneo@army.mil,United States,2018-10-21,jcb,2.00,Calypso - Pineapple Passion
530,Fielding Petruskevich,fpetruskevichep@mysql.com,United States,2019-05-16,china-unionpay,3.64,Glass Clear 7 Oz Xl
531,Elsinore Porch,eporcheq@usnews.com,United States,2019-05-27,jcb,1.09,"Cod - Salted, Boneless"
532,Katrina Scolding,kscoldinger@list-manage.com,France,2019-01-09,jcb,9.44,Parasol Pick Stir Stick
533,Dari McKeighen,dmckeighenes@wikipedia.org,United States,2019-06-12,visa,8.18,Schnappes Peppermint - Walker
534,Lenee Sutter,lsutteret@studiopress.com,United Kingdom,2019-10-19,mastercard,4.49,"Water - Mineral, Carbonated"
535,Cleopatra Aleksankov,caleksankoveu@behance.net,United States,2019-10-24,jcb,8.04,"Wine - Magnotta, White"
536,Cyndi Morewood,cmorewoodev@sphinn.com,United States,2019-04-27,diners-club-carte-blanche,5.40,"Pasta - Linguini, Dry"
537,Ashton Scambler,ascamblerew@ucoz.ru,France,2019-02-01,jcb,2.38,Wine - Pinot Grigio Collavini
538,Rachele Couper,rcouperex@tripod.com,France,2019-06-07,jcb,8.27,Coconut - Whole
539,Kristy Iacoboni,kiacoboniey@myspace.com,United States,2018-12-03,diners-club-enroute,9.49,Oil - Shortening - All - Purpose
540,Wyndham O' Timony,woez@godaddy.com,France,2019-09-18,china-unionpay,3.03,Veal - Slab Bacon
541,Son Thiem,sthiemf0@marriott.com,France,2019-08-10,jcb,8.21,Veal - Loin
542,Vite Enrigo,venrigof1@sogou.com,France,2019-04-28,jcb,6.18,Juice - Lime
543,Nana Pennycuick,npennycuickf2@independent.co.uk,France,2019-05-10,maestro,2.68,Wine - Pinot Noir Mondavi Coastal
544,Siouxie Frye,sfryef3@jugem.jp,United States,2019-03-09,americanexpress,9.23,Pickle - Dill
545,Matthias Smouten,msmoutenf4@smugmug.com,United States,2019-09-30,jcb,3.19,Steam Pan Full Lid
546,Halsey Hampshaw,hhampshawf5@china.com.cn,France,2019-08-14,maestro,5.35,Milk 2% 500 Ml
547,Evyn Peasee,epeaseef6@naver.com,France,2019-02-19,jcb,9.81,"Spoon - Soup, Plastic"
548,Ezechiel Klejna,eklejnaf7@nature.com,United States,2018-10-05,jcb,1.19,Quail - Jumbo
549,Ingemar Briskey,ibriskeyf8@parallels.com,France,2019-01-03,laser,1.90,Hersey Shakes
550,Myrtice Comberbach,mcomberbachf9@salon.com,France,2019-03-13,jcb,9.52,Wine - Ej Gallo Sierra Valley
551,Karel Offner,koffnerfa@sun.com,France,2019-07-03,jcb,3.80,"Clams - Littleneck, Whole"
552,Venus Rilings,vrilingsfb@earthlink.net,United States,2018-10-29,laser,9.96,Veal - Kidney
553,Lance Shipton,lshiptonfc@hexun.com,France,2018-10-11,jcb,7.91,"Chicken - Breast, 5 - 7 Oz"
554,Brande Ramm,brammfd@123-reg.co.uk,France,2018-11-29,bankcard,6.04,Rabbit - Saddles
555,Merry Woolway,mwoolwayfe@nasa.gov,United States,2019-04-09,switch,1.51,Scotch - Queen Anne
556,Lou Strathern,lstrathernff@ca.gov,France,2018-10-01,jcb,2.56,Muffin - Blueberry Individual
557,Carmella Greve,cgrevefg@live.com,France,2019-09-21,jcb,7.59,Cheese - Cottage Cheese
558,Vlad Scorer,vscorerfh@businesswire.com,France,2019-03-04,visa-electron,8.52,Water - San Pellegrino
559,Alvira Rollings,arollingsfi@dmoz.org,United States,2019-07-25,visa-electron,1.22,Chicken - Whole Fryers
560,Konstantine Lemarie,klemariefj@blog.com,France,2018-11-04,jcb,3.06,Puff Pastry - Sheets
561,Ashley Bedbury,abedburyfk@free.fr,France,2019-07-24,switch,4.45,Pate - Peppercorn
562,Caitlin Breckell,cbreckellfl@cloudflare.com,France,2019-04-01,china-unionpay,2.34,"Carrots - Mini, Stem On"
563,Abby Domb,adombfm@cyberchimps.com,France,2018-12-31,jcb,3.90,Wine - Beaujolais Villages
564,Elsie Du Barry,edufn@163.com,United States,2019-05-25,jcb,1.11,Corn - On The Cob
565,Jesselyn Collum,jcollumfo@webmd.com,United States,2019-05-17,visa,9.18,Myers Planters Punch
566,Nobe Willingale,nwillingalefp@uol.com.br,United States,2019-08-28,visa-electron,1.17,Pop Shoppe Cream Soda
567,Tobe Prium,tpriumfq@who.int,France,2019-08-11,switch,5.91,Beef Dry Aged Tenderloin Aaa
568,Hetty Brownett,hbrownettfr@independent.co.uk,France,2019-08-20,jcb,2.24,Longos - Greek Salad
569,Murry Kiwitz,mkiwitzfs@springer.com,United States,2019-10-12,americanexpress,5.23,Hipnotiq Liquor
570,Abigail Bargh,abarghft@rakuten.co.jp,France,2019-01-19,diners-club-international,4.72,Cake - Mini Potato Pancake
571,Burg Travis,btravisfu@moonfruit.com,United States,2019-04-26,jcb,1.51,Sprouts - China Rose
572,Thorstein Fursland,tfurslandfv@pbs.org,France,2018-11-10,bankcard,5.10,Pur Value
573,Seymour Martusewicz,smartusewiczfw@seattletimes.com,France,2019-03-11,instapayment,6.81,Gooseberry
574,Dido Beeching,dbeechingfx@columbia.edu,France,2019-03-17,jcb,4.18,Sauerkraut
575,Levey Antonich,lantonichfy@bloomberg.com,United Kingdom,2019-09-18,jcb,8.10,"Bread - Pumpernickle, Rounds"
576,Averell Raeside,araesidefz@vk.com,United States,2019-06-30,jcb,8.28,"Pasta - Lasagne, Fresh"
577,Emmett Downs,edownsg0@tinypic.com,France,2019-09-28,jcb,6.24,Flour - Fast / Rapid
578,Alisander Chirm,achirmg1@oaic.gov.au,France,2018-10-19,bankcard,8.64,V8 - Vegetable Cocktail
579,Sallie Snepp,ssneppg2@com.com,France,2019-06-23,jcb,7.56,Ecolab - Balanced Fusion
580,Pren Phythian,pphythiang3@squidoo.com,France,2018-10-10,bankcard,3.87,Transfer Sheets
581,Basil Cottingham,bcottinghamg4@squidoo.com,United States,2018-10-09,mastercard,9.88,Flour - Bread
582,Seymour Fernando,sfernandog5@abc.net.au,France,2019-10-03,switch,3.41,Beer - Fruli
583,Frants Quodling,fquodlingg6@telegraph.co.uk,France,2019-01-05,jcb,6.62,Asparagus - Frozen
584,Asa Nesbitt,anesbittg7@wisc.edu,France,2019-08-05,jcb,7.66,Tamarind Paste
585,Ludovika MacCosty,lmaccostyg8@quantcast.com,United States,2019-02-02,jcb,3.06,French Pastry - Mini Chocolate
586,Parry Michel,pmichelg9@yandex.ru,United States,2019-02-22,jcb,9.24,Aspic - Clear
587,Loleta Woolrich,lwoolrichga@multiply.com,France,2019-04-04,americanexpress,4.38,Wine - Gewurztraminer Pierre
588,Andee Wraith,awraithgb@wikimedia.org,France,2019-02-10,mastercard,3.84,Wine - German Riesling
589,Randie Gligori,rgligorigc@last.fm,United States,2018-11-01,jcb,9.33,Cake Sheet Combo Party Pack
590,Debi MacIlurick,dmacilurickgd@xrea.com,United Kingdom,2019-03-14,maestro,8.00,"Wine - White, Chardonnay"
591,Minetta Geill,mgeillge@ted.com,France,2018-10-02,jcb,5.48,Puree - Mocha
592,Fred Braxay,fbraxaygf@google.com.br,United States,2019-09-05,americanexpress,7.09,"Trout - Rainbow, Fresh"
593,Con Copping,ccoppinggg@naver.com,France,2019-04-08,jcb,5.37,Wine - Sicilia Igt Nero Avola
594,Viviene McAneny,vmcanenygh@twitpic.com,France,2019-03-18,jcb,1.33,Molasses - Fancy
595,Fleur Torald,ftoraldgi@nydailynews.com,France,2018-10-07,jcb,9.72,Flower - Daisies
596,Jenni Cattlemull,jcattlemullgj@bravesites.com,France,2018-12-05,diners-club-enroute,9.99,Wine - Chateauneuf Du Pape
597,Emery Rosier,erosiergk@people.com.cn,United States,2018-12-12,mastercard,9.73,"Pasta - Gnocchi, Potato"
598,Scarlett Luparto,slupartogl@360.cn,United States,2019-01-08,switch,6.00,Sea Urchin
599,Jemmie Barter,jbartergm@sohu.com,France,2019-02-11,switch,2.36,Milk Powder
600,Tiler Brikner,tbriknergn@liveinternet.ru,France,2019-03-01,jcb,8.77,Coffee - Decaffeinato Coffee
601,Hogan Gateman,hgatemango@godaddy.com,France,2019-08-19,jcb,1.41,Wine - Riesling Alsace Ac 2001
602,Joel Bessom,jbessomgp@amazon.de,France,2019-03-01,jcb,2.33,Broccoli - Fresh
603,Hunter Pinchen,hpinchengq@tamu.edu,United States,2019-06-25,jcb,3.01,Pears - Fiorelle
604,Agna Andren,aandrengr@dagondesign.com,France,2018-10-09,jcb,2.60,Soupfoamcont12oz 112con
605,Darin Wattingham,dwattinghamgs@craigslist.org,United States,2019-07-27,bankcard,4.37,Plastic Wrap
606,Armando Pauling,apaulinggt@tuttocitta.it,France,2019-07-13,bankcard,6.46,Duck - Legs
607,Richy Huitt,rhuittgu@xinhuanet.com,United States,2019-02-14,jcb,3.54,Crawfish
608,Romain Pancast,rpancastgv@webs.com,United States,2019-04-17,bankcard,3.91,Cheese Cloth No 100
609,Obie Tewelson,otewelsongw@dot.gov,United States,2018-10-26,mastercard,2.01,Wine - Vovray Sec Domaine Huet
610,Noelle Antonias,nantoniasgx@liveinternet.ru,France,2019-05-30,mastercard,8.64,Lettuce Romaine Chopped
611,Serge Reuble,sreublegy@accuweather.com,France,2019-04-27,bankcard,5.56,Beer - Upper Canada Light
612,Gabriell Tremoulet,gtremouletgz@ocn.ne.jp,France,2019-07-28,jcb,9.62,Beer - Moosehead
613,Clerissa Torre,ctorreh0@eepurl.com,France,2018-10-01,laser,3.41,Scallops - Live In Shell
614,Gardy Atyea,gatyeah1@toplist.cz,United States,2019-05-25,visa,9.90,Steel Wool
615,Gerhard Jendas,gjendash2@diigo.com,United States,2018-11-24,jcb,9.36,Filter - Coffee
616,Lacy Claricoates,lclaricoatesh3@skype.com,United States,2018-12-01,visa-electron,2.70,Cheese - Le Cheve Noir
617,Say Erwin,serwinh4@sakura.ne.jp,France,2019-09-08,visa,1.46,Sponge Cake Mix - Vanilla
618,Riki Mundie,rmundieh5@tinyurl.com,France,2019-05-28,jcb,6.98,Cheese - Oka
619,Cathy Nestle,cnestleh6@eepurl.com,France,2019-04-15,china-unionpay,1.61,Cheese - Pied De Vents
620,Leanor Jossum,ljossumh7@creativecommons.org,United States,2019-02-07,jcb,2.38,Creme De Menth - White
621,Roch McIntee,rmcinteeh8@squidoo.com,United States,2018-12-26,visa-electron,1.86,Coffee - Dark Roast
622,Thedric Ianiello,tianielloh9@eepurl.com,France,2019-02-17,bankcard,4.33,Pheasants - Whole
623,Heall Cockman,hcockmanha@deviantart.com,United States,2019-09-14,jcb,2.50,The Pop Shoppe - Cream Soda
624,Clotilda Spragge,cspraggehb@bandcamp.com,United States,2019-01-13,diners-club-carte-blanche,1.63,Table Cloth 144x90 White
625,Emera Rubinlicht,erubinlichthc@twitpic.com,France,2019-10-17,jcb,9.84,Container - Hngd Cll Blk 7x7x3
626,Ginnifer Attenborrow,gattenborrowhd@spiegel.de,United States,2019-02-19,diners-club-carte-blanche,6.50,Shrimp - Black Tiger 13/15
627,Brandi Wrathmall,bwrathmallhe@google.co.uk,United States,2019-03-17,mastercard,1.35,Pepper - Cubanelle
628,Sacha McKeaveney,smckeaveneyhf@163.com,France,2019-07-14,maestro,3.09,"Soup - Campbells, Chix Gumbo"
629,Norean Scourge,nscourgehg@loc.gov,France,2018-12-04,maestro,4.02,Bok Choy - Baby
630,Giralda Ancliff,gancliffhh@fotki.com,United States,2019-02-20,switch,9.06,Cheese - Brick With Pepper
631,Ray Gynni,rgynnihi@ed.gov,United States,2018-12-09,jcb,8.79,"Roe - Lump Fish, Black"
632,Ania Ferrao,aferraohj@tumblr.com,United States,2019-06-09,maestro,5.96,Wine - Masi Valpolocell
633,Elane Farrer,efarrerhk@elpais.com,France,2019-09-17,jcb,5.31,Bagel - 12 Grain Preslice
634,Sheilakathryn Ruck,sruckhl@unblog.fr,France,2019-07-19,visa,6.34,Tomato - Green
635,Brinna Veness,bvenesshm@technorati.com,France,2019-04-10,jcb,8.59,Pepper - Cubanelle
636,Pammi Capitano,pcapitanohn@stanford.edu,United Kingdom,2018-11-16,jcb,3.89,"Pork - Butt, Boneless"
637,Gloriana Remer,gremerho@flickr.com,France,2019-08-30,americanexpress,6.87,Ginger - Pickled
638,Phillipe Gaitone,pgaitonehp@phpbb.com,United States,2019-03-18,jcb,6.27,Wine - Trimbach Pinot Blanc
639,Nikos Durtnell,ndurtnellhq@huffingtonpost.com,France,2018-12-22,switch,3.34,Gatorade - Cool Blue Raspberry
640,Celle Mart,cmarthr@over-blog.com,France,2019-04-11,jcb,7.09,Pastry - Mini French Pastries
641,Saxe Delagnes,sdelagneshs@pen.io,France,2019-10-05,switch,2.22,Beef - Tenderloin - Aa
642,Drucill Whiterod,dwhiterodht@odnoklassniki.ru,France,2019-08-27,solo,6.63,"Veal - Inside Round / Top, Lean"
643,Wes Dudenie,wdudeniehu@mashable.com,United States,2019-05-02,jcb,8.46,Lamb - Shoulder
644,Antoni Sebley,asebleyhv@cnet.com,France,2019-05-01,jcb,1.48,Cleaner - Lime Away
645,Geri Everwin,geverwinhw@spiegel.de,France,2019-09-01,bankcard,7.05,Anchovy Fillets
646,Sybil Semken,ssemkenhx@vimeo.com,France,2019-05-06,jcb,1.11,Pork - Hock And Feet Attached
647,Filippo Dhillon,fdhillonhy@wiley.com,France,2019-07-12,switch,8.03,Beer - Tetleys
648,Inger Rosenblum,irosenblumhz@indiegogo.com,United States,2018-12-01,solo,7.85,Sausage - Andouille
649,Nady Dyte,ndytei0@scribd.com,United States,2018-10-17,jcb,7.97,"Tart Shells - Savory, 3"
650,Nolan Lashmar,nlashmari1@cisco.com,United States,2019-08-12,visa,5.05,"Cup - 3.5oz, Foam"
651,Nolan Denyukhin,ndenyukhini2@desdev.cn,France,2019-09-28,jcb,1.25,Yoghurt Tubes
652,Sisile Danton,sdantoni3@issuu.com,France,2019-08-20,switch,2.66,Soup - Campbells Beef Strogonoff
653,Giuditta Rushby,grushbyi4@house.gov,United States,2019-05-24,jcb,9.31,Monkfish Fresh - Skin Off
654,Jefferey Hold,jholdi5@goo.ne.jp,France,2019-09-15,mastercard,5.88,Lid - 0090 Clear
655,Eldridge Cuniam,ecuniami6@netscape.com,United States,2019-10-24,jcb,8.10,"Pepsi, 355 Ml"
656,Dehlia Bolger,dbolgeri7@nhs.uk,United States,2018-11-23,diners-club-enroute,6.31,Cake - Night And Day Choclate
657,Lyndsie McAndrew,lmcandrewi8@shareasale.com,France,2018-10-17,diners-club-us-ca,5.12,Bread Crumbs - Panko
658,Garrard Mc Faul,gmci9@cbsnews.com,France,2019-06-01,mastercard,4.29,Sprouts - Bean
659,Lizzy Floch,lflochia@squidoo.com,France,2018-11-18,jcb,8.65,"Artichoke - Bottom, Canned"
660,Carla Lundbeck,clundbeckib@webeden.co.uk,France,2019-05-13,solo,4.03,Isomalt
661,Bari Lanham,blanhamic@yellowbook.com,United Kingdom,2019-09-05,jcb,5.74,Beans - Yellow
662,Camille Nickels,cnickelsid@wufoo.com,France,2019-01-27,bankcard,6.89,Cornstarch
663,Koral Elvins,kelvinsie@upenn.edu,United States,2019-07-28,diners-club-enroute,2.12,Chicken - Tenderloin
664,Myrlene Hogbourne,mhogbourneif@hp.com,France,2019-02-01,jcb,8.83,Everfresh Products
665,Rollins Hinsche,rhinscheig@state.gov,United States,2019-08-06,americanexpress,2.82,Puff Pastry - Sheets
666,Beatrice Dinnis,bdinnisih@ycombinator.com,France,2019-10-18,jcb,8.08,Cheese - Swiss
667,Katusha Quartermain,kquartermainii@cisco.com,France,2019-08-10,jcb,4.15,Cocoa Powder - Dutched
668,Reinold Cady,rcadyij@chronoengine.com,France,2019-01-12,jcb,8.35,"Beans - Kidney, Canned"
669,Orren Raecroft,oraecroftik@ca.gov,France,2019-08-28,visa,2.49,Blackberries
670,Lev Dukesbury,ldukesburyil@meetup.com,United States,2019-06-23,solo,1.09,Spring Roll Veg Mini
671,Fernande Abbotson,fabbotsonim@seesaa.net,United States,2019-02-05,jcb,8.59,Appetizer - Lobster Phyllo Roll
672,Licha Haylands,lhaylandsin@unc.edu,France,2019-01-27,jcb,3.94,Tomato Paste
673,Jodie Sussex,jsussexio@blogspot.com,United States,2019-07-10,mastercard,2.04,Icecream - Dstk Super Cone
674,Justine McGinnell,jmcginnellip@goo.ne.jp,United Kingdom,2019-07-27,jcb,3.56,Bread Sour Rolls
675,Ervin Baulk,ebaulkiq@statcounter.com,France,2019-06-11,jcb,7.44,"Coffee - Colombian, Portioned"
676,Riannon De Banke,rdeir@yellowbook.com,France,2019-09-13,maestro,4.99,Wine - Cotes Du Rhone Parallele
677,Brew Loalday,bloaldayis@slashdot.org,France,2018-10-23,americanexpress,4.68,Pear - Halves
678,Elise Ranshaw,eranshawit@mozilla.com,France,2019-10-21,diners-club-enroute,3.73,Gatorade - Lemon Lime
679,Bronny Nassie,bnassieiu@topsy.com,United States,2019-08-18,visa,3.56,Pepper - Pablano
680,Davey Detloff,ddetloffiv@ed.gov,United States,2019-04-30,jcb,2.42,Mushroom - White Button
681,Jedediah Bebb,jbebbiw@narod.ru,France,2019-02-27,diners-club-international,2.14,Soup - Base Broth Chix
682,Jerrine Dinjes,jdinjesix@xing.com,United States,2019-05-07,jcb,1.32,Juice - Orange
683,Humfried Redshaw,hredshawiy@utexas.edu,United States,2019-08-17,jcb,4.06,Wine - Ruffino Chianti
684,Monte Critchley,mcritchleyiz@linkedin.com,France,2019-04-14,jcb,8.61,English Muffin
685,Riobard Phillcox,rphillcoxj0@gnu.org,France,2019-07-16,jcb,4.09,V8 Splash Strawberry Kiwi
686,Dasha Hebbes,dhebbesj1@godaddy.com,United States,2019-05-17,mastercard,2.45,Lobak
687,Maris Brehault,mbrehaultj2@surveymonkey.com,United States,2019-06-06,americanexpress,4.54,Appetizer - Cheese Bites
688,Janie Kelner,jkelnerj3@netvibes.com,France,2019-10-12,china-unionpay,2.43,Onions - Green
689,Ulrick Snoad,usnoadj4@wunderground.com,United States,2019-03-27,laser,5.24,Flour Dark Rye
690,Erv Kleisel,ekleiselj5@squarespace.com,United States,2019-06-07,jcb,2.58,"Lettuce - Mini Greens, Whole"
691,Gilbertina Copnall,gcopnallj6@sphinn.com,United States,2018-10-17,jcb,7.04,Halibut - Fletches
692,Venita Rief,vriefj7@bing.com,United States,2019-06-28,jcb,4.21,"Olives - Green, Pitted"
693,Lawry Buxcey,lbuxceyj8@wordpress.org,France,2018-11-10,visa-electron,5.04,Table Cloth 81x81 White
694,Jerrie Nund,jnundj9@cargocollective.com,France,2018-10-17,mastercard,7.02,Chef Hat 25cm
695,Pammi Windous,pwindousja@live.com,United States,2019-08-04,bankcard,5.12,Pork - Belly Fresh
696,Cammy Petricek,cpetricekjb@sbwire.com,France,2018-11-24,china-unionpay,8.03,Plastic Arrow Stir Stick
697,Bertina Cubbit,bcubbitjc@foxnews.com,United States,2019-09-27,diners-club-carte-blanche,2.38,Bread - Rosemary Focaccia
698,Ingram Pietzker,ipietzkerjd@twitpic.com,United Kingdom,2019-10-04,jcb,1.54,Bread - Corn Muffaleta Onion
699,Hernando Rabat,hrabatje@imageshack.us,United States,2019-04-20,jcb,1.41,"Lettuce - Romaine, Heart"
700,Valentijn Meade,vmeadejf@chron.com,France,2019-07-27,jcb,3.62,Chicken - Leg / Back Attach
701,Brit Dabney,bdabneyjg@icio.us,United States,2019-04-29,americanexpress,6.55,"Napkin - Dinner, White"
702,Konstantin Sharpin,ksharpinjh@home.pl,France,2019-02-23,jcb,7.05,Bread - Ciabatta Buns
703,Rickey Hurry,rhurryji@netscape.com,France,2019-06-07,jcb,5.48,Bacardi Breezer - Tropical
704,Sybila Ansett,sansettjj@csmonitor.com,United States,2019-09-18,jcb,8.45,Sausage - Meat
705,Marketa Kermath,mkermathjk@bluehost.com,United States,2018-11-06,bankcard,1.14,Irish Cream - Butterscotch
706,Velma Pike,vpikejl@prlog.org,United States,2019-05-19,bankcard,1.58,Bananas
707,Frederique Rhydderch,frhydderchjm@merriam-webster.com,France,2018-12-03,jcb,1.94,Cheese - Shred Cheddar / Mozza
708,Nike Bethel,nbetheljn@google.co.jp,United States,2019-08-30,jcb,9.14,"Wine - Red, Pelee Island Merlot"
709,Lindsay Brady,lbradyjo@joomla.org,France,2019-01-22,americanexpress,2.39,Cleaner - Bleach
710,Magdaia Pearcey,mpearceyjp@spiegel.de,United States,2019-07-06,diners-club-carte-blanche,7.68,"Pork - Back, Short Cut, Boneless"
711,Matthus Scurry,mscurryjq@state.gov,United States,2019-09-03,jcb,3.77,Pan Grease
712,Elsi Hews,ehewsjr@linkedin.com,United States,2019-07-20,diners-club-international,1.13,Trout - Smoked
713,Eda Czadla,eczadlajs@bigcartel.com,France,2019-05-28,jcb,3.22,Lamb - Shoulder
714,Blondy Chaimson,bchaimsonjt@ow.ly,United States,2019-08-13,instapayment,3.71,Beets - Mini Golden
715,Dawn Stanfield,dstanfieldju@who.int,France,2019-07-08,jcb,9.51,Pasta - Agnolotti - Butternut
716,Sunny Slimme,sslimmejv@mashable.com,United States,2019-05-14,mastercard,2.67,Cream - 18%
717,Tomi Barfield,tbarfieldjw@over-blog.com,United States,2018-12-21,diners-club-international,2.04,"Red Snapper - Fresh, Whole"
718,Audra Avramov,aavramovjx@cyberchimps.com,France,2019-10-16,jcb,1.57,Wine - Pinot Noir Mondavi Coastal
719,Audra Einchcombe,aeinchcombejy@cloudflare.com,France,2019-02-24,jcb,2.40,Pumpkin
720,Liana Denny,ldennyjz@de.vu,United States,2019-04-28,jcb,4.96,"Salmon - Whole, 4 - 6 Pounds"
721,Kyle McQuilkin,kmcquilkink0@de.vu,France,2019-10-08,china-unionpay,9.14,Ham - Proscuitto
722,Kimberlee Burdytt,kburdyttk1@facebook.com,France,2019-07-17,diners-club-enroute,1.68,"Flour - Buckwheat, Dark"
723,Leah Killough,lkilloughk2@xing.com,France,2019-03-09,jcb,8.33,Capers - Pickled
724,Deanna Blackstone,dblackstonek3@alibaba.com,France,2019-07-24,china-unionpay,5.21,"Lemonade - Kiwi, 591 Ml"
725,Zorah Reiner,zreinerk4@about.com,United States,2018-12-21,maestro,4.17,Spring Roll Veg Mini
726,Rhodia Lucchi,rlucchik5@google.co.uk,France,2018-10-14,jcb,3.45,Water - Spring 1.5lit
727,Cass Massinger,cmassingerk6@microsoft.com,United Kingdom,2018-11-24,diners-club-carte-blanche,4.39,Kolrabi
728,Gordon Bande,gbandek7@guardian.co.uk,France,2019-03-11,diners-club-carte-blanche,8.82,Puree - Strawberry
729,Jonas Park,jparkk8@ehow.com,United States,2019-05-22,maestro,9.73,Truffle Paste
730,Morgen Monger,mmongerk9@illinois.edu,France,2018-10-06,jcb,3.36,Arizona - Green Tea
731,Byran Champerlen,bchamperlenka@vk.com,United States,2019-09-11,jcb,2.24,"Bar Mix - Pina Colada, 355 Ml"
732,Finlay Bynert,fbynertkb@yale.edu,France,2019-02-09,bankcard,6.88,Butter Sweet
733,Delbert Teece,dteecekc@zdnet.com,France,2019-05-31,bankcard,4.58,Carbonated Water - White Grape
734,Berry Cracie,bcraciekd@sogou.com,United States,2018-11-24,jcb,9.83,"Flour - Corn, Fine"
735,Juan Caulliere,jcaulliereke@marriott.com,France,2019-07-06,jcb,5.05,Hersey Shakes
736,Faye Buffin,fbuffinkf@sfgate.com,France,2019-01-03,jcb,4.30,Lamb Rack Frenched Australian
737,Gabbey Aldwinckle,galdwincklekg@elegantthemes.com,France,2019-04-23,jcb,2.56,Peach - Fresh
738,Gerick Gruczka,ggruczkakh@ycombinator.com,United States,2019-04-27,diners-club-us-ca,3.22,"Nut - Almond, Blanched, Ground"
739,Reade Ratray,rratrayki@deviantart.com,United States,2019-01-04,jcb,5.65,Sauce - Plum
740,Leila Gooke,lgookekj@mediafire.com,United States,2019-03-30,jcb,8.58,Cucumber - Pickling Ontario
741,Svend Branchet,sbranchetkk@wunderground.com,United States,2019-03-21,bankcard,7.88,Bag Clear 10 Lb
742,Wells Caddens,wcaddenskl@newyorker.com,France,2019-03-15,jcb,3.87,Chinese Foods - Chicken Wing
743,Andie Kenryd,akenrydkm@lycos.com,France,2018-12-28,switch,5.39,Whmis - Spray Bottle Trigger
744,Billy Tordoff,btordoffkn@51.la,United States,2018-11-11,jcb,5.02,Urban Zen Drinks
745,Natal Moulson,nmoulsonko@zdnet.com,United States,2019-05-12,jcb,6.17,"Trout - Rainbow, Frozen"
746,Gibby Antliff,gantliffkp@odnoklassniki.ru,France,2019-08-17,jcb,4.62,"Dill - Primerba, Paste"
747,Darleen Eilhermann,deilhermannkq@google.es,United States,2019-06-10,jcb,8.28,Duck - Fat
748,Donnell Lyptratt,dlyptrattkr@unesco.org,United States,2019-09-17,jcb,9.30,Graham Cracker Mix
749,Rubetta Blow,rblowks@nyu.edu,United States,2019-05-28,americanexpress,2.21,Smoked Paprika
750,Celestyn Easterby,ceasterbykt@newyorker.com,France,2019-10-17,jcb,4.38,Mace
751,Aharon Frances,afrancesku@vk.com,France,2019-03-23,mastercard,7.33,Basil - Thai
752,Amos Ghirigori,aghirigorikv@alibaba.com,France,2019-10-15,jcb,8.45,Wine - Magnotta - Cab Sauv
753,Alister Dienes,adieneskw@flavors.me,United States,2019-09-20,switch,4.04,"Tea - Darjeeling, Azzura"
754,Matti Pestor,mpestorkx@prnewswire.com,United States,2019-08-16,maestro,7.54,Soup Campbells - Italian Wedding
755,Wilmar Grishelyov,wgrishelyovky@hubpages.com,United States,2019-04-17,maestro,2.01,Kolrabi
756,Michele Goodhew,mgoodhewkz@wunderground.com,United States,2019-03-01,diners-club-carte-blanche,5.77,Thyme - Dried
757,Prince Axcell,paxcelll0@telegraph.co.uk,France,2019-03-04,switch,5.84,Pork Casing
758,Eve Loud,eloudl1@hubpages.com,United States,2018-10-03,visa-electron,3.48,V8 Splash Strawberry Banana
759,Danny Northley,dnorthleyl2@wikispaces.com,United States,2018-12-04,americanexpress,3.16,Bread - 10 Grain
760,Bird Cumbridge,bcumbridgel3@fema.gov,France,2018-11-21,mastercard,2.93,Apricots Fresh
761,Murielle Shafe,mshafel4@merriam-webster.com,United States,2019-05-26,diners-club-us-ca,4.51,Chambord Royal
762,Emelyne Minors,eminorsl5@netlog.com,France,2019-04-22,switch,9.36,Alize Red Passion
763,Lyn Girardetti,lgirardettil6@boston.com,France,2019-01-17,jcb,7.32,Oil - Olive Bertolli
764,Kirby Haws,khawsl7@google.it,United States,2018-12-09,jcb,8.70,Coffee Guatemala Dark
765,Bertram Hofer,bhoferl8@sun.com,United States,2018-11-10,laser,7.21,"Crab - Dungeness, Whole, live"
766,Sandye Chicken,schickenl9@parallels.com,France,2019-01-09,switch,4.16,Nori Sea Weed
767,Nonnah Fortescue,nfortescuela@army.mil,United States,2019-09-25,mastercard,3.81,Tahini Paste
768,Margery Lavigne,mlavignelb@google.co.jp,United States,2019-03-24,bankcard,6.50,Parsley - Dried
769,Ferdy Dimock,fdimocklc@slashdot.org,United States,2019-03-29,jcb,9.43,Pastry - Key Limepoppy Seed Tea
770,Querida Booy,qbooyld@hugedomains.com,United Kingdom,2019-03-01,bankcard,5.31,Zucchini - Green
771,Alfred Bertomeu,abertomeule@liveinternet.ru,United States,2019-08-30,diners-club-carte-blanche,4.40,Veal - Leg
772,Sophi Cantua,scantualf@reddit.com,France,2018-12-31,jcb,3.31,"Bread - Sticks, Thin, Plain"
773,Verney Chilvers,vchilverslg@digg.com,France,2019-10-11,solo,3.99,Soy Protein
774,Dill Clyburn,dclyburnlh@foxnews.com,France,2019-09-17,jcb,6.84,"Pasta - Penne, Rigate, Dry"
775,Maurizio Barkshire,mbarkshireli@aboutads.info,United States,2019-01-27,maestro,4.12,Grapes - Red
776,Fannie Baume,fbaumelj@4shared.com,United States,2019-07-21,bankcard,9.63,"Potatoes - Purple, Organic"
777,Killian Tombleson,ktomblesonlk@networkadvertising.org,France,2019-07-03,jcb,7.45,"Vodka - Hot, Lnferno"
778,Quent Oakman,qoakmanll@histats.com,France,2018-11-15,jcb,9.53,"Quail - Whole, Bone - In"
779,Oralee Wearden,oweardenlm@usatoday.com,United States,2019-10-23,china-unionpay,2.11,"Bread - Bagels, Mini"
780,Amery Bearblock,abearblockln@i2i.jp,United States,2019-04-12,jcb,6.11,Halibut - Fletches
781,Philbert Foresight,pforesightlo@newsvine.com,France,2018-12-02,diners-club-us-ca,9.03,"Juice - Apple, 500 Ml"
782,Emmett Lagen,elagenlp@wisc.edu,France,2018-12-03,visa-electron,3.73,Soap - Mr.clean Floor Soap
783,Brigitte Lethcoe,blethcoelq@myspace.com,United States,2019-02-01,diners-club-enroute,9.19,Instant Coffee
784,Rod Tuplin,rtuplinlr@boston.com,United States,2019-02-08,jcb,2.91,Soup Bowl Clear 8oz92008
785,Hermia Noller,hnollerls@tiny.cc,France,2019-01-12,maestro,6.43,Muffin - Carrot Individual Wrap
786,Kevin Gerant,kgerantlt@sbwire.com,United States,2018-10-16,visa,4.36,"Tray - Foam, Square 4 - S"
787,Matt Dukes,mdukeslu@cnet.com,United States,2019-04-15,americanexpress,7.69,Alize Sunset
788,Worthy Barstow,wbarstowlv@com.com,United States,2018-12-17,mastercard,3.07,Flour - Cake
789,Jack Wardlaw,jwardlawlw@ca.gov,United States,2019-04-17,jcb,9.57,Lemonade - Pineapple Passion
790,Thedrick Haselden,thaseldenlx@bluehost.com,United States,2019-06-18,visa,6.83,Veal - Bones
791,Josiah Leyban,jleybanly@etsy.com,France,2019-10-12,jcb,2.19,Tea - Herbal - 6 Asst
792,Prisca McKelvey,pmckelveylz@skyrock.com,France,2019-07-22,jcb,8.40,Dc Hikiage Hira Huba
793,Niven Trebbett,ntrebbettm0@washington.edu,United States,2019-09-14,diners-club-us-ca,1.76,Pepper - Cubanelle
794,Bink Hutchins,bhutchinsm1@soundcloud.com,France,2018-10-14,jcb,9.69,Bread - Malt
795,Jarrod Fessions,jfessionsm2@etsy.com,France,2018-10-16,jcb,1.05,Ecolab - Hand Soap Form Antibac
796,Rici Karpman,rkarpmanm3@cloudflare.com,France,2019-02-22,jcb,3.30,Galliano
797,Kilian Tiner,ktinerm4@example.com,France,2019-05-15,jcb,4.04,Lamb Rack Frenched Australian
798,Carrissa O'Rourke,corourkem5@ebay.com,France,2019-07-10,jcb,7.27,Chicken - Ground
799,Genny Babbage,gbabbagem6@miitbeian.gov.cn,France,2019-08-17,jcb,2.66,Soup - Tomato Mush. Florentine
800,Kirsteni Ajam,kajamm7@wiley.com,United States,2018-10-13,jcb,4.02,Melon - Watermelon Yellow
801,Adlai Breslauer,abreslauerm8@drupal.org,United States,2019-03-25,diners-club-enroute,1.11,"Fish - Halibut, Cold Smoked"
802,Lenard Bourhill,lbourhillm9@miitbeian.gov.cn,United States,2019-01-06,china-unionpay,5.04,"Chicken - Leg, Fresh"
803,Cly Tewes,ctewesma@epa.gov,France,2018-11-09,instapayment,9.16,Whmis Spray Bottle Graduated
804,Bernete Allardyce,ballardycemb@hud.gov,United States,2019-07-14,switch,9.82,Gatorade - Cool Blue Raspberry
805,Sisile Ruegg,srueggmc@google.ca,France,2018-12-10,switch,5.02,Lamb - Whole Head Off
806,Brockie Leindecker,bleindeckermd@plala.or.jp,United States,2019-02-20,mastercard,8.52,Table Cloth 81x81 Colour
807,Rodge Baxstar,rbaxstarme@networkadvertising.org,United States,2019-06-17,jcb,1.71,Wine - Ruffino Chianti
808,Edward Gulley,egulleymf@google.es,France,2019-09-24,jcb,3.08,Pastry - Chocolate Marble Tea
809,Erastus Pherps,epherpsmg@shutterfly.com,France,2019-06-24,jcb,2.88,Cake - Dulce De Leche
810,Gualterio Lymbourne,glymbournemh@dailymotion.com,United States,2019-02-18,diners-club-enroute,5.13,Lotus Rootlets - Canned
811,Tye Donat,tdonatmi@rediff.com,United States,2019-03-12,jcb,4.61,Truffle Cups - White Paper
812,Gawain Tench,gtenchmj@list-manage.com,United States,2018-12-03,maestro,1.83,"Cod - Salted, Boneless"
813,Violetta Defau,vdefaumk@seesaa.net,France,2018-11-30,jcb,1.58,Sprouts - Alfalfa
814,Ebenezer Yurivtsev,eyurivtsevml@soundcloud.com,France,2019-03-13,americanexpress,6.56,Shrimp - Black Tiger 16/20
815,Madelyn McGlade,mmcglademm@marriott.com,United States,2019-09-16,jcb,6.18,Wine - Stoneliegh Sauvignon
816,Beatrisa Lavery,blaverymn@theatlantic.com,France,2019-07-12,jcb,4.13,"Spoon - Soup, Plastic"
817,Abigale Ackerman,aackermanmo@biblegateway.com,United States,2018-12-06,jcb,5.16,"Tomatoes - Vine Ripe, Red"
818,Eveleen Records,erecordsmp@hostgator.com,United States,2019-05-25,bankcard,1.23,Bread - Calabrese Baguette
819,Meris Stallibrass,mstallibrassmq@reference.com,United Kingdom,2019-05-19,jcb,6.14,Shrimp - 100 / 200 Cold Water
820,Shamus Schettini,sschettinimr@mysql.com,United States,2019-09-02,diners-club-enroute,7.91,Pineapple - Golden
821,Gard Conboy,gconboyms@rakuten.co.jp,France,2019-09-30,jcb,8.54,Turkey Leg With Drum And Thigh
822,Vanya Methven,vmethvenmt@mlb.com,France,2019-01-19,jcb,2.72,Sauce - Salsa
823,Amaleta Verheyden,averheydenmu@lycos.com,France,2019-08-13,china-unionpay,6.30,Vaccum Bag - 14x20
824,Bent Harmson,bharmsonmv@springer.com,United States,2019-07-31,instapayment,9.16,Pear - Asian
825,Tania Moorcraft,tmoorcraftmw@sakura.ne.jp,France,2019-05-25,mastercard,1.51,Flour - Whole Wheat
826,Claus Backen,cbackenmx@youku.com,United Kingdom,2019-03-11,diners-club-carte-blanche,9.97,Table Cloth 62x114 Colour
827,Rik Noads,rnoadsmy@samsung.com,United States,2019-01-13,jcb,8.10,The Pop Shoppe - Cream Soda
828,Chelsey Kellar,ckellarmz@phoca.cz,United States,2018-10-15,diners-club-carte-blanche,5.16,"Lamb - Whole Head Off,nz"
829,Wilmar Marrows,wmarrowsn0@slideshare.net,France,2019-04-20,maestro,9.04,"Shrimp - 21/25, Peel And Deviened"
830,Sebastien Leband,slebandn1@google.nl,United States,2019-07-19,visa-electron,1.78,Beef Dry Aged Tenderloin Aaa
831,Harp Parke,hparken2@archive.org,United States,2019-10-11,jcb,2.92,Juice - Happy Planet
832,Marcela Huchot,mhuchotn3@1und1.de,France,2018-11-09,jcb,9.53,Chocolate - Mi - Amere Semi
833,Alika Adshead,aadsheadn4@scientificamerican.com,United States,2019-01-17,jcb,7.71,Chocolate Bar - Reese Pieces
834,Nicolai Bittlestone,nbittlestonen5@psu.edu,France,2019-03-07,jcb,6.68,Beer - Guiness
835,Johnnie Bonas,jbonasn6@live.com,United States,2018-12-26,jcb,2.44,Magnotta Bel Paese Red
836,Hatty Ballinghall,hballinghalln7@oakley.com,United States,2019-05-22,jcb,3.28,Ice Cream Bar - Hageen Daz To
837,Sherrie Jacobs,sjacobsn8@github.com,France,2019-04-21,jcb,9.16,"Liqueur Banana, Ramazzotti"
838,Berny Tansey,btanseyn9@pbs.org,France,2019-06-27,diners-club-enroute,8.38,"Spoon - Soup, Plastic"
839,Annabelle Ferenczi,aferenczina@goo.gl,France,2019-02-16,jcb,4.80,Chocolate Eclairs
840,Hallie Forkan,hforkannb@elpais.com,France,2018-11-17,jcb,3.51,Truffle Shells - White Chocolate
841,Torrence Huffy,thuffync@theguardian.com,United States,2019-04-22,jcb,4.60,"Shrimp - 21/25, Peel And Deviened"
842,Orson Mawhinney,omawhinneynd@walmart.com,United States,2019-01-07,jcb,9.30,"Bread - Dark Rye, Loaf"
843,Enrico Boyes,eboyesne@cdc.gov,United States,2019-03-03,maestro,7.06,Cookie Dough - Peanut Butter
844,Datha Weems,dweemsnf@artisteer.com,France,2019-09-16,jcb,4.75,Bagels Poppyseed
845,Reid Rushmere,rrushmereng@deviantart.com,France,2019-09-21,mastercard,4.24,Apples - Sliced / Wedge
846,Abdel Baildon,abaildonnh@ustream.tv,United States,2019-09-17,mastercard,5.85,Muffin - Mix - Mango Sour Cherry
847,Kelcie Kiley,kkileyni@ustream.tv,United States,2018-11-07,jcb,4.72,Pork Loin Cutlets
848,Noach Fronzek,nfronzeknj@apple.com,France,2018-11-14,jcb,4.22,"Wine - Magnotta, White"
849,Fonzie Farquhar,ffarquharnk@wikia.com,France,2019-07-23,jcb,7.74,Cheese - Brick With Onion
850,Granger Ocklin,gocklinnl@addthis.com,France,2019-06-26,laser,4.19,Black Currants
851,Dale Sugar,dsugarnm@tinypic.com,France,2018-11-23,jcb,3.86,Onions Granulated
852,Tynan Happs,thappsnn@e-recht24.de,United States,2018-12-14,diners-club-enroute,5.19,Ecolab - Ster Bac
853,Katha Veighey,kveigheyno@uiuc.edu,France,2019-03-27,jcb,1.10,Ice Cream - Life Savers
854,Farrell Kinson,fkinsonnp@surveymonkey.com,France,2018-11-07,diners-club-enroute,7.66,Ice Cream - Strawberry
855,Emmerich Hardington,ehardingtonnq@opensource.org,United States,2018-11-15,jcb,1.89,"Beef - Tongue, Fresh"
856,Richmond Montilla,rmontillanr@earthlink.net,France,2019-07-04,jcb,3.03,Noodles - Steamed Chow Mein
857,Arvy Bainbridge,abainbridgens@sourceforge.net,United States,2019-09-23,jcb,9.81,Vinegar - White Wine
858,Kenny Bafford,kbaffordnt@51.la,United States,2018-12-19,bankcard,2.01,Sugar Thermometer
859,Marcus Coldtart,mcoldtartnu@sun.com,United States,2019-07-11,switch,8.63,Nutmeg - Ground
860,Haywood Gartshore,hgartshorenv@bloglovin.com,United States,2019-03-18,mastercard,10.00,Tamarillo
861,Laurel Dunniom,ldunniomnw@livejournal.com,France,2019-05-25,mastercard,9.57,"Marsala - Sperone, Fine, D.o.c."
862,Dreddy Guye,dguyenx@cnet.com,United States,2019-04-01,laser,4.98,Napkin Colour
863,Jordan Sonschein,jsonscheinny@sciencedaily.com,France,2019-06-13,jcb,9.02,Pie Shell - 9
864,Lynn Mercer,lmercernz@com.com,United States,2019-07-06,jcb,2.67,Chocolate Bar - Smarties
865,Emylee Chess,echesso0@yandex.ru,United States,2019-09-14,jcb,6.55,Sachet
866,Raymund Vipan,rvipano1@nytimes.com,France,2019-06-21,diners-club-enroute,2.96,Chicken Giblets
867,Susannah Alexis,salexiso2@geocities.com,France,2019-09-25,visa,6.62,"Juice - Pineapple, 341 Ml"
868,Malina Burnyate,mburnyateo3@last.fm,France,2019-07-03,jcb,6.95,Milk - 2% 250 Ml
869,Malachi Winchurch,mwinchurcho4@imageshack.us,France,2018-11-22,jcb,9.27,Flower - Commercial Spider
870,Adeline Aizic,aaizico5@yale.edu,United States,2019-04-22,mastercard,4.91,Grapefruit - Pink
871,Ardelis Shepcutt,ashepcutto6@canalblog.com,United States,2018-11-24,jcb,9.59,Spice - Onion Powder Granulated
872,Jerald Segrave,jsegraveo7@umich.edu,France,2019-05-15,visa,1.96,Flour - Semolina
873,Pooh Bangle,pbangleo8@discovery.com,United States,2019-06-21,diners-club-carte-blanche,8.56,Wine - Magnotta - Cab Sauv
874,Chrotoem De la croix,cdeo9@blogs.com,United States,2018-11-27,mastercard,1.28,Tea - Grapefruit Green Tea
875,Meghann Byneth,mbynethoa@nifty.com,France,2019-05-05,jcb,5.19,Beef Tenderloin Aaa
876,Arnuad Wake,awakeob@xing.com,France,2019-07-08,maestro,1.14,Oats Large Flake
877,Audra Morston,amorstonoc@simplemachines.org,United States,2019-04-15,mastercard,6.66,Sauce - Vodka Blush
878,Cristie Burrage,cburrageod@cnet.com,France,2019-06-09,diners-club-international,1.10,Juice - Propel Sport
879,Donnell Roussell,drousselloe@so-net.ne.jp,France,2019-09-01,diners-club-enroute,8.19,Shiratamako - Rice Flour
880,Araldo Whellans,awhellansof@blogger.com,France,2018-11-29,laser,6.32,Coffee - Ristretto Coffee Capsule
881,Blondelle Wisdish,bwisdishog@answers.com,France,2019-04-01,visa-electron,9.21,Pop - Club Soda Can
882,Constantin Dyson,cdysonoh@webmd.com,France,2018-11-11,jcb,8.20,Pastry - Choclate Baked
883,Hunter Dipple,hdippleoi@indiatimes.com,United States,2019-09-25,jcb,4.43,Eggplant Oriental
884,Randal Spottiswood,rspottiswoodoj@barnesandnoble.com,France,2019-09-01,jcb,9.92,Relish
885,Jacki Sellek,jsellekok@arizona.edu,United States,2019-06-08,jcb,3.42,Transfer Sheets
886,Antonia Antonietti,aantoniettiol@istockphoto.com,United States,2019-10-27,jcb,4.53,Table Cloth 90x90 White
887,Wanids Caldicot,wcaldicotom@mysql.com,United States,2018-10-21,mastercard,7.27,Cheese - Ermite Bleu
888,Godfrey Mangion,gmangionon@mashable.com,United States,2019-03-24,jcb,8.36,Island Oasis - Strawberry
889,Torrey Moston,tmostonoo@yahoo.co.jp,United Kingdom,2019-04-19,jcb,1.72,Creamers - 10%
890,Gabriell Augustus,gaugustusop@chronoengine.com,France,2019-09-28,jcb,6.17,"Pasta - Rotini, Colour, Dry"
891,Gabie Muspratt,gmusprattoq@wordpress.com,France,2019-10-01,americanexpress,4.30,"Corn - Cream, Canned"
892,Aubine Cronchey,acroncheyor@123-reg.co.uk,France,2019-08-02,jcb,6.96,Tea - Lemon Green Tea
893,Olivero Nulty,onultyos@admin.ch,United States,2019-04-20,jcb,6.69,Dc - Frozen Momji
894,Jemmie Culpin,jculpinot@cbsnews.com,United Kingdom,2019-03-12,jcb,5.99,Tart - Lemon
895,Corella Geeves,cgeevesou@theguardian.com,United States,2019-06-11,visa-electron,9.88,Dr. Pepper - 355ml
896,Trent Dartnell,tdartnellov@php.net,France,2019-01-04,mastercard,2.05,V8 Splash Strawberry Banana
897,Kally Capon,kcaponow@liveinternet.ru,United States,2019-06-16,jcb,7.97,Lamb - Sausage Casings
898,Wallie McNea,wmcneaox@google.co.jp,United States,2019-06-21,jcb,8.26,Scampi Tail
899,Cly Hablot,chablotoy@phoca.cz,France,2018-12-22,visa-electron,6.40,Fudge - Cream Fudge
900,Nixie McVicar,nmcvicaroz@wunderground.com,United States,2019-06-27,visa,3.53,Cucumber - English
901,Caprice Yeardley,cyeardleyp0@paypal.com,United Kingdom,2018-11-22,jcb,4.11,Sauce - Vodka Blush
902,Didi Chazotte,dchazottep1@surveymonkey.com,France,2019-02-01,jcb,9.96,Apples - Spartan
903,Tate Kneath,tkneathp2@uiuc.edu,France,2018-11-10,jcb,3.32,Squash - Sunburst
904,Jerald Wegener,jwegenerp3@taobao.com,France,2019-05-29,diners-club-us-ca,7.93,Soup - Cream Of Broccoli
905,Meghan Humpherson,mhumphersonp4@wp.com,United States,2018-11-29,laser,3.54,Bar Special K
906,Lindie Hearst,lhearstp5@elegantthemes.com,France,2019-01-08,jcb,2.33,Cream - 35%
907,Lenard Rolph,lrolphp6@studiopress.com,France,2019-08-19,jcb,4.25,"Pasta - Gnocchi, Potato"
908,Elroy Attow,eattowp7@unesco.org,United States,2019-05-01,jcb,6.78,V8 Splash Strawberry Banana
909,Bel Stent,bstentp8@eepurl.com,France,2019-08-07,china-unionpay,9.22,Curry Paste - Madras
910,Kellie Tomowicz,ktomowiczp9@fema.gov,France,2018-11-24,maestro,4.10,Soup Campbells
911,Ashleigh Kindall,akindallpa@howstuffworks.com,United States,2019-05-05,jcb,2.81,Pork - Bones
912,Donielle Freschini,dfreschinipb@slate.com,United States,2019-02-12,mastercard,2.73,Cheese - Shred Cheddar / Mozza
913,Lindi Epdell,lepdellpc@illinois.edu,France,2019-10-16,china-unionpay,9.69,Pernod
914,Spence Drysdale,sdrysdalepd@opera.com,United States,2019-05-09,jcb,6.03,Remy Red
915,Selina Mallabon,smallabonpe@buzzfeed.com,United Kingdom,2019-03-29,jcb,2.85,Halibut - Fletches
916,Gae Gooderick,ggooderickpf@ted.com,United States,2019-10-10,visa,1.69,Sprouts - Corn
917,Allie Salaman,asalamanpg@amazon.com,France,2019-02-21,jcb,3.82,Chips - Potato Jalapeno
918,Erhart Joncic,ejoncicph@usnews.com,United States,2019-06-16,jcb,6.11,"Stock - Beef, White"
919,Cullen Roskams,croskamspi@ehow.com,France,2019-01-09,jcb,4.67,"Pepper - Black, Crushed"
920,Tibold Tweddle,ttweddlepj@themeforest.net,France,2019-09-25,jcb,6.25,Star Fruit
921,Keir Cassels,kcasselspk@walmart.com,France,2019-10-20,jcb,2.70,Beef - Short Ribs
922,Brooks Loosley,bloosleypl@nyu.edu,France,2018-10-27,jcb,8.38,Ice Cream - Super Sandwich
923,Irvin Garbert,igarbertpm@blog.com,United Kingdom,2018-10-28,jcb,1.48,Tamarind Paste
924,Randie Bebbington,rbebbingtonpn@bloglines.com,United States,2019-06-20,diners-club-carte-blanche,3.35,"Beef - Ox Tongue, Pickled"
925,Doti Ruck,druckpo@sfgate.com,France,2019-09-29,switch,9.53,Cheese - Pont Couvert
926,Benito Lindenboim,blindenboimpp@indiatimes.com,United States,2019-01-31,bankcard,5.41,Onions - Pearl
927,Toby Ruckman,truckmanpq@microsoft.com,United States,2019-09-26,americanexpress,5.47,Chicken - Whole Fryers
928,Tait McReynold,tmcreynoldpr@cnet.com,United Kingdom,2019-05-11,mastercard,8.49,Fond - Neutral
929,Darren Climie,dclimieps@china.com.cn,United States,2018-10-07,americanexpress,3.54,Tomato - Peeled Italian Canned
930,Damian Francisco,dfranciscopt@pbs.org,France,2019-05-08,americanexpress,2.60,Wine - Gewurztraminer Pierre
931,Kitty Edie,kediepu@mediafire.com,United States,2019-07-27,china-unionpay,4.30,Straws - Cocktale
932,Donnell Nowland,dnowlandpv@wikipedia.org,United States,2019-07-28,diners-club-enroute,2.37,Potatoes - Parissienne
933,Frazier Pietesch,fpieteschpw@tuttocitta.it,France,2019-01-04,diners-club-carte-blanche,1.09,Broccoli - Fresh
934,Melosa Kitchin,mkitchinpx@livejournal.com,United States,2019-08-27,china-unionpay,7.74,Aspic - Amber
935,Esta Scolland,escollandpy@w3.org,United States,2019-06-23,jcb,9.97,Squash - Guords
936,Falkner Frowen,ffrowenpz@infoseek.co.jp,France,2019-07-20,visa,8.80,Wine - Tribal Sauvignon
937,Hester Colquhoun,hcolquhounq0@wix.com,France,2019-03-05,mastercard,8.38,Pate - Peppercorn
938,Vita Shimmin,vshimminq1@admin.ch,France,2019-01-07,china-unionpay,2.85,Beef - Diced
939,Evelyn Mansel,emanselq2@over-blog.com,United Kingdom,2019-06-04,jcb,8.84,Ham - Cooked Bayonne Tinned
940,Emily Westwood,ewestwoodq3@acquirethisname.com,United States,2019-05-09,switch,4.58,Appetizer - Mango Chevre
941,Camel Courtes,ccourtesq4@networkadvertising.org,France,2019-02-27,jcb,1.72,Sugar - Cubes
942,Debbie Toderi,dtoderiq5@vk.com,United States,2018-11-13,maestro,8.99,Kellogs Raisan Bran Bars
943,Zonda Cheshire,zcheshireq6@eventbrite.com,France,2018-10-21,bankcard,5.76,Squash - Guords
944,Dinah MacDermott,dmacdermottq7@unblog.fr,United States,2019-03-07,jcb,4.94,Pepper - Sorrano
945,Launce Mackness,lmacknessq8@gizmodo.com,France,2019-02-14,jcb,4.59,Lamb Rack Frenched Australian
946,Clive Foxton,cfoxtonq9@state.gov,France,2018-11-24,jcb,3.64,Latex Rubber Gloves Size 9
947,Jeffry Pearse,jpearseqa@sogou.com,France,2019-06-11,jcb,8.66,Wine - Jaboulet Cotes Du Rhone
948,Noemi Earthfield,nearthfieldqb@cornell.edu,France,2018-11-13,mastercard,2.38,"Turkey - Breast, Double"
949,Shara Orrum,sorrumqc@zimbio.com,France,2018-10-28,jcb,7.69,Oil - Grapeseed Oil
950,Samara Aldam,saldamqd@liveinternet.ru,France,2019-05-15,visa-electron,7.38,Island Oasis - Peach Daiquiri
951,Iormina Solesbury,isolesburyqe@wikimedia.org,France,2019-03-23,jcb,8.83,Sorrel - Fresh
952,Monroe Brotheridge,mbrotheridgeqf@vinaora.com,United States,2018-12-31,china-unionpay,9.29,Nantuket Peach Orange
953,Emmerich Sidaway,esidawayqg@plala.or.jp,France,2019-05-27,jcb,7.96,Tuna - Sushi Grade
954,Agata Davidson,adavidsonqh@mtv.com,France,2019-10-30,instapayment,1.51,Liquid Aminios Acid - Braggs
955,Kristoforo Killen,kkillenqi@cnet.com,United States,2019-07-03,diners-club-us-ca,7.97,"Split Peas - Yellow, Dry"
956,Layney Coggeshall,lcoggeshallqj@networkadvertising.org,United States,2019-10-14,maestro,9.33,Pumpkin - Seed
957,Briney Laxtonne,blaxtonneqk@yellowbook.com,France,2019-03-16,diners-club-us-ca,3.68,Beans - Kidney White
958,Skyler Tuftin,stuftinql@cargocollective.com,United Kingdom,2019-06-05,americanexpress,8.37,Nori Sea Weed
959,Geralda Steele,gsteeleqm@indiegogo.com,United States,2019-01-20,jcb,2.71,Chicken - Tenderloin
960,Neila Genever,ngeneverqn@oakley.com,France,2019-01-18,mastercard,9.55,Appetizer - Sausage Rolls
961,Giulia Blundan,gblundanqo@blogtalkradio.com,France,2019-06-24,mastercard,4.48,Beef Ground Medium
962,Gale Heeney,gheeneyqp@weibo.com,France,2018-11-17,maestro,6.89,Numi - Assorted Teas
963,Corine Andras,candrasqq@cloudflare.com,United States,2018-12-09,visa-electron,2.14,Lentils - Green Le Puy
964,Loraine Whimpenny,lwhimpennyqr@icio.us,France,2019-10-14,jcb,2.95,Coffee Cup 16oz Foam
965,Dunstan Huston,dhustonqs@irs.gov,France,2018-11-11,diners-club-us-ca,6.92,Wine - Taylors Reserve
966,Olivier Packer,opackerqt@va.gov,France,2019-07-18,mastercard,8.60,"Salmon - Atlantic, No Skin"
967,Derek Norkutt,dnorkuttqu@usa.gov,United States,2019-03-15,jcb,6.07,Milk - Homo
968,Rochester Coburn,rcoburnqv@alexa.com,United Kingdom,2019-05-06,diners-club-carte-blanche,2.08,Sprouts - Pea
969,Malorie Donneely,mdonneelyqw@ebay.co.uk,France,2018-12-14,bankcard,1.84,Pasta - Ravioli
970,Chrissy McNamara,cmcnamaraqx@elpais.com,United States,2019-06-23,china-unionpay,1.21,"Crab - Dungeness, Whole"
971,Druci Ferronet,dferronetqy@a8.net,France,2019-08-08,switch,4.46,Onions - Red
972,Fairfax Olsson,folssonqz@princeton.edu,United States,2018-12-19,jcb,8.10,"Shrimp - Baby, Cold Water"
973,Sophia Eaglen,seaglenr0@homestead.com,United States,2019-06-04,visa,8.11,"Tray - Foam, Square 4 - S"
974,Madonna Lisamore,mlisamorer1@studiopress.com,United States,2019-09-27,jcb,4.92,Tart - Pecan Butter Squares
975,Joby Jurges,jjurgesr2@ehow.com,France,2019-07-28,jcb,7.88,Onions - Pearl
976,Mellicent Bardwall,mbardwallr3@cbc.ca,France,2018-10-21,diners-club-carte-blanche,6.50,Chips - Doritos
977,Alva Ackerley,aackerleyr4@reddit.com,France,2019-09-05,jcb,1.44,Wine - Shiraz South Eastern
978,Nichol Ellesworth,nellesworthr5@auda.org.au,France,2018-10-04,visa-electron,7.02,Beer - Steamwhistle
979,Warden Wilbor,wwilborr6@google.es,United States,2019-08-01,jcb,6.43,"Beans - Black Bean, Preserved"
980,Philippine Jorgensen,pjorgensenr7@indiatimes.com,France,2019-01-22,jcb,3.70,Banana Turning
981,Shelby Schaffel,sschaffelr8@facebook.com,France,2019-05-04,solo,1.75,"Pasta - Canelloni, Single Serve"
982,Sal Pretley,spretleyr9@mlb.com,United States,2018-12-27,laser,2.08,Wine - Chianti Classica Docg
983,Rhianon Bilbery,rbilberyra@va.gov,France,2019-06-08,jcb,8.21,Jameson - Irish Whiskey
984,Christoper Yersin,cyersinrb@wix.com,France,2019-09-21,americanexpress,6.63,Carbonated Water - Strawberry
985,Susanna Brinkley,sbrinkleyrc@imdb.com,United States,2019-01-21,mastercard,6.31,"Rosemary - Primerba, Paste"
986,Shandie De Mitri,sderd@chronoengine.com,France,2019-08-22,instapayment,9.27,"Salmon - Atlantic, Fresh, Whole"
987,Kassia Lulham,klulhamre@telegraph.co.uk,France,2019-09-12,mastercard,4.80,Soup Campbells Mexicali Tortilla
988,Hyman Bartlett,hbartlettrf@rambler.ru,United States,2019-10-17,jcb,3.64,"Sauce - White, Mix"
989,Egon Vial,evialrg@e-recht24.de,France,2018-11-08,jcb,1.75,Rice - Jasmine Sented
990,Phylis Arlett,parlettrh@ucsd.edu,France,2019-03-27,diners-club-carte-blanche,4.93,"Arctic Char - Fresh, Whole"
991,Jenda Menezes,jmenezesri@paginegialle.it,United Kingdom,2019-03-03,jcb,2.69,Spring Roll Wrappers
992,Eudora Geill,egeillrj@4shared.com,France,2019-10-03,china-unionpay,2.27,Soup - Campbells Chili Veg
993,Kikelia Djuricic,kdjuricicrk@blogger.com,United States,2019-06-18,china-unionpay,9.35,Kale - Red
994,Schuyler O'Fallone,sofallonerl@wisc.edu,France,2018-11-30,visa-electron,9.49,Sugar - Crumb
995,Horacio Dach,hdachrm@dyndns.org,United States,2019-04-29,bankcard,7.64,Bonito Flakes - Toku Katsuo
996,Reilly Fuggles,rfugglesrn@instagram.com,France,2019-05-29,mastercard,9.20,"Veal - Shank, Pieces"
997,Emmalee Maving,emavingro@jugem.jp,United States,2018-11-30,visa,7.71,Truffle - Whole Black Peeled
998,Demetre Bogart,dbogartrp@ted.com,United States,2019-10-12,diners-club-enroute,7.14,Dish Towel
999,Simone Cambden,scambdenrq@wikimedia.org,United States,2019-04-02,jcb,5.59,Table Cloth 54x54 White
1000,Kinnie Surr,ksurrrr@mashable.com,France,2019-04-09,americanexpress,8.69,Mangoes
